sleep_hours,steps,calories,heart_rate,screen_time,social_usage,gaming_usage,productive_usage,notifications,unlock_count,health_score
4.9,4504,2092,76.8,288,41,23,92,21,93,41.1
4.8,11360,1898,81.2,433,71,56,68,16,157,42.5
7.8,13069,2082,67.7,467,44,49,73,18,155,60.0
8.5,6013,2302,83.8,286,44,64,134,28,99,51.6
9.0,12848,2282,66.0,251,45,71,84,22,77,67.8
7.8,8213,1661,58.0,30,29,96,104,23,5,72.5
6.6,500,2081,73.1,585,47,17,69,25,195,41.4
6.9,9647,1841,74.3,376,47,59,79,19,123,49.8
7.2,2555,2211,73.3,461,67,17,122,26,152,48.3
9.0,7180,2325,56.9,433,44,30,43,14,146,62.3
7.2,10407,2557,63.0,86,36,48,81,24,34,71.9
5.9,9782,2640,91.2,241,67,37,73,35,64,47.0
7.1,6554,2373,70.9,301,27,44,128,25,96,54.5
4.8,10194,2055,78.7,281,47,31,146,20,98,48.4
6.1,10933,2020,92.5,402,67,12,109,21,128,43.7
6.4,6872,2362,81.2,139,71,54,137,23,58,56.3
6.3,7579,2467,74.8,250,83,6,40,21,88,50.2
4.7,9037,1774,81.7,300,60,71,10,18,93,36.2
5.3,5374,3034,94.2,187,53,34,97,25,57,47.2
6.8,6312,2349,68.6,414,90,61,112,18,135,53.6
7.9,11197,2493,77.0,335,29,84,65,17,104,55.7
6.3,14703,2362,80.7,446,70,40,57,22,144,52.0
6.9,10140,1833,73.8,544,53,9,93,13,173,51.2
7.9,9214,2045,65.8,279,0,65,136,17,91,61.3
10.0,13439,1928,67.2,402,90,29,93,21,137,66.0
6.4,5999,1608,74.8,72,30,5,118,37,28,56.5
5.7,8722,1771,82.6,125,121,59,115,26,43,51.8
7.8,10737,2815,57.4,339,54,50,102,14,97,68.6
7.9,6257,2124,95.7,263,26,39,128,23,89,47.0
5.1,4073,2504,83.5,494,70,15,56,21,160,37.9
5.3,10721,2002,81.8,375,40,66,56,23,125,43.0
5.0,11071,1949,95.4,128,52,61,57,19,36,46.8
5.9,10777,2721,71.4,337,64,34,91,15,105,55.6
7.9,10825,2135,64.7,246,53,75,133,24,79,65.4
7.3,8741,2121,69.6,461,50,59,108,15,161,55.2
7.0,8884,2292,90.3,275,38,18,10,26,65,41.9
5.5,9120,2421,76.7,261,0,23,201,27,92,56.1
5.4,11492,2012,99.8,181,60,44,99,16,69,48.1
6.9,9254,1435,69.1,162,64,31,131,25,38,59.0
6.7,8732,2604,52.8,205,101,41,100,29,65,69.5
7.4,9401,2350,58.2,416,71,10,28,22,131,59.4
8.6,9704,1891,72.9,504,25,18,104,24,162,56.3
5.3,5641,2143,83.2,495,0,37,35,19,162,37.0
6.6,12248,2663,77.1,357,0,41,97,33,120,56.0
6.9,6711,2752,64.9,207,51,40,102,22,65,62.9
7.1,8693,2083,63.3,152,66,3,123,12,37,65.7
6.9,5965,2723,61.7,328,61,39,67,23,99,57.0
6.8,7952,2200,71.2,180,58,60,10,25,58,53.9
7.0,9948,1942,75.7,543,85,25,74,24,180,50.1
7.5,9343,2015,81.9,392,60,18,109,25,126,49.6
5.9,7051,2821,83.9,301,27,24,85,26,89,46.0
7.4,6643,2402,73.2,329,36,27,81,19,102,52.0
7.5,9201,1868,93.1,300,62,65,68,15,100,42.5
7.1,11417,2560,73.1,431,55,3,114,26,129,58.7
8.8,12372,2574,50.0,340,49,10,143,21,111,77.1
7.1,13938,2054,62.1,223,38,0,76,29,58,65.6
7.3,6605,2363,73.1,342,27,65,115,20,105,53.2
5.5,6420,2696,66.7,273,92,43,121,25,99,55.5
8.2,8181,1793,80.1,253,27,4,51,28,75,49.2
9.3,8028,1566,68.0,261,35,30,48,24,99,56.0
7.0,4635,1964,83.8,281,51,46,127,19,92,44.3
4.1,10768,1584,83.9,30,59,50,53,27,22,49.8
8.2,6407,1764,50.0,367,56,60,72,15,103,61.1
8.6,6754,2599,80.4,381,10,0,98,19,138,53.5
7.1,9663,1903,72.3,174,59,62,46,22,56,56.2
6.1,5274,2176,75.6,113,78,0,76,16,36,54.0
8.5,7815,2453,72.5,474,57,59,96,17,151,57.3
8.4,10500,2614,67.8,559,102,56,10,27,184,58.7
7.1,8633,2321,77.2,290,86,95,86,25,99,51.6
8.3,10516,1451,71.1,435,42,25,27,17,137,50.8
5.9,11151,2181,76.1,281,37,16,63,21,86,49.9
8.5,8271,2468,57.1,325,25,42,76,24,110,64.5
7.2,500,2258,72.9,252,51,39,10,23,83,43.4
6.4,11817,2391,73.9,391,59,90,67,16,111,53.6
7.0,8372,1964,78.7,338,80,0,23,22,117,44.3
7.9,10634,2233,76.9,469,50,17,23,26,162,51.4
7.2,12191,2431,70.9,261,31,9,80,25,75,60.3
9.2,3571,2698,64.0,355,78,46,122,26,109,61.8
8.4,8489,1976,78.6,397,21,23,112,24,122,52.6
5.3,12667,1968,84.0,356,62,46,53,28,129,43.3
8.0,7943,2753,64.8,342,56,51,35,20,107,58.8
8.1,11135,2081,57.2,475,53,49,73,22,161,63.9
7.6,5543,2277,85.7,176,43,34,111,25,67,52.1
5.6,9792,2291,83.9,372,80,53,99,24,129,45.5
8.3,5121,2198,76.8,215,59,40,40,23,70,51.8
7.1,10933,2879,63.6,197,61,24,63,31,72,67.6
5.5,7279,2119,84.0,255,68,23,50,16,71,41.4
7.3,12359,2476,64.5,344,15,28,10,21,118,58.6
8.3,12458,2053,77.7,357,24,72,124,24,116,57.8
5.7,6869,2852,75.9,273,31,36,102,24,88,51.8
5.7,13034,1912,66.2,398,52,38,141,10,133,57.7
7.7,6917,2416,72.3,408,29,33,135,17,145,56.4
7.3,10334,1380,76.4,520,31,10,87,20,181,48.0
7.9,8413,2097,75.3,251,45,0,121,18,81,56.5
6.9,7359,2394,73.8,210,75,44,70,14,71,55.1
10.0,10664,1691,50.0,314,74,12,93,23,97,70.5
6.3,7118,2069,86.7,134,66,47,59,29,41,48.3
7.7,6968,3320,76.0,566,65,35,81,22,191,57.1
6.2,8515,1825,75.9,262,50,61,104,14,88,49.2
5.0,10952,2295,89.4,205,57,55,106,32,71,47.6
6.6,9138,1686,63.6,309,51,51,10,18,104,49.5
6.4,7531,1821,71.8,312,53,12,114,26,99,49.4
9.1,7113,2349,74.7,329,56,0,32,17,104,53.3
7.4,7936,2121,89.3,355,43,66,59,23,115,42.4
5.8,9972,1915,72.9,184,1,37,10,23,63,50.8
6.9,5601,2036,59.1,342,68,32,54,26,115,53.2
5.6,6714,2587,83.0,266,53,29,136,18,92,48.3
6.5,10631,2119,85.6,248,10,48,95,33,82,49.1
8.2,6267,2401,55.4,410,68,65,86,31,136,62.6
7.4,6945,1588,70.6,109,59,21,158,17,30,62.2
4.7,8416,2009,89.0,387,12,0,52,21,130,35.2
5.8,6305,2050,88.5,515,94,80,90,20,180,38.3
5.7,7258,1940,64.2,347,49,45,128,14,106,52.5
5.9,8858,2155,74.3,542,108,46,117,19,182,50.3
7.2,10438,2092,68.4,388,79,0,106,20,137,57.1
8.2,6435,2455,61.4,267,90,42,125,26,81,63.8
6.4,6283,2587,76.6,206,51,0,116,15,69,55.0
6.0,11577,1982,78.7,285,55,28,106,21,92,50.1
7.9,6750,2620,84.7,317,67,52,32,19,97,46.4
7.2,6478,1944,53.0,266,58,43,83,24,88,60.5
6.1,3109,2242,79.9,391,67,53,123,32,132,43.1
6.3,11488,1734,68.7,141,48,21,53,22,52,58.8
6.4,12212,2100,65.3,169,7,12,53,18,57,62.4
8.2,8447,2735,67.1,326,39,26,83,22,98,61.1
7.4,9028,2249,74.2,224,62,34,123,19,84,58.9
9.2,8502,2110,61.8,280,60,21,47,25,85,61.6
7.5,5542,1499,69.3,148,100,32,51,31,40,53.8
5.6,10175,2177,77.0,263,41,35,10,28,91,46.2
4.6,12190,2233,83.5,266,60,42,48,26,94,44.6
6.0,8494,2034,85.1,224,68,89,111,21,66,47.5
4.7,10427,2083,78.4,347,62,11,48,19,106,42.8
5.8,6133,2163,77.4,173,30,53,38,29,66,48.1
6.8,5891,2210,73.8,472,61,36,66,17,135,47.6
5.1,9762,2136,92.5,334,25,81,65,18,97,38.6
7.8,12619,2609,74.4,221,39,13,112,37,76,65.2
6.1,6864,1837,78.7,30,46,29,31,20,5,54.0
7.8,8009,2741,70.2,536,46,26,17,15,176,54.8
5.6,9919,2107,77.5,365,12,0,125,23,108,49.0
7.7,7296,2387,55.2,432,49,35,100,18,145,63.3
6.1,9811,2573,72.2,379,53,38,32,20,120,51.1
6.5,5930,2266,78.8,408,56,19,126,19,138,47.7
6.0,9675,2188,76.2,333,44,0,10,29,120,45.2
6.6,7874,2251,72.9,347,99,57,117,25,128,52.3
7.5,4187,1520,82.8,323,55,78,125,22,115,42.0
5.0,5715,1271,82.1,400,39,66,141,26,134,36.8
9.7,9385,2464,55.5,405,58,36,32,19,136,67.2
9.7,12160,2084,52.3,347,34,32,79,16,104,71.7
6.1,4960,1901,83.1,408,74,66,21,20,137,36.2
8.1,11249,2277,62.5,416,63,65,137,23,134,65.7
5.2,9623,2145,80.5,232,90,40,107,25,82,49.1
4.7,11091,1747,86.4,227,75,37,83,18,73,42.9
9.3,8084,2531,68.2,402,88,51,49,22,142,59.9
7.8,10202,2595,83.1,218,0,40,71,29,57,56.4
7.0,13493,2273,71.7,352,24,69,81,33,122,57.9
7.8,9015,2257,73.1,186,68,49,128,23,70,62.6
5.9,5859,2196,72.8,273,36,53,109,20,90,49.2
6.9,12414,2241,70.9,30,88,52,67,23,8,69.6
7.1,9931,2322,79.1,229,44,33,49,36,75,53.1
4.9,9161,2035,86.6,319,78,80,98,20,110,40.3
8.3,13331,2480,56.7,209,62,33,114,20,79,75.9
6.2,12299,2259,69.2,95,48,31,123,26,28,68.2
5.3,9795,2470,79.8,206,33,29,45,25,74,49.9
9.0,6059,2641,71.7,263,58,80,66,12,83,58.7
8.4,7506,2212,59.0,361,46,0,108,25,120,62.7
6.5,9014,2316,70.0,295,30,20,55,21,95,52.3
5.2,8425,2425,82.8,187,15,53,91,24,65,49.7
7.5,7220,2224,77.3,430,52,44,85,23,143,49.9
6.9,7976,2079,76.5,508,75,41,54,27,161,47.2
9.7,11338,2264,63.7,211,57,46,135,19,63,73.4
8.6,9058,2655,60.3,516,68,64,79,15,177,65.1
6.2,7229,1353,72.4,268,47,41,51,30,83,43.9
8.7,10276,2461,76.0,356,30,40,118,19,109,59.7
8.6,10013,2254,75.6,457,69,68,145,29,157,59.4
4.5,8401,2017,73.5,450,44,41,83,27,156,44.3
7.6,5505,2503,84.0,262,51,53,47,20,80,46.7
8.4,8175,1778,62.7,452,68,0,26,38,143,54.8
6.3,8472,2059,76.4,364,69,24,77,18,123,47.2
5.2,10880,2659,70.0,284,53,18,178,20,100,59.6
10.0,6568,1537,77.5,215,72,17,101,26,67,56.3
8.9,7753,2375,74.1,277,63,26,52,22,89,55.9
7.2,12652,2703,74.0,389,64,26,72,22,123,58.5
4.1,7857,2586,78.4,254,84,57,47,28,96,44.0
6.3,8422,2339,92.5,333,65,16,92,24,110,42.8
9.4,13430,1864,69.9,238,96,59,18,21,80,62.1
8.6,6084,2512,84.5,408,16,54,95,29,133,50.1
6.5,12053,1980,75.7,197,27,9,80,16,63,56.5
6.2,7467,2145,76.8,571,38,0,143,19,196,49.6
8.8,9086,2181,74.4,329,23,28,101,27,109,56.9
6.6,9289,1769,75.9,221,95,64,119,16,80,53.3
6.7,7871,2652,76.0,239,90,43,110,12,86,56.1
7.4,5958,2167,74.8,178,69,80,88,28,55,55.7
7.6,6716,2174,78.1,424,59,0,103,23,134,50.0
5.4,7950,1985,71.5,339,24,3,89,33,106,47.1
7.7,6388,1952,71.2,339,62,7,33,18,90,48.3
5.6,8485,2415,73.3,351,54,53,102,18,128,50.4
8.6,6452,2425,73.5,214,71,52,72,21,70,58.5
6.4,6074,3240,74.9,265,39,48,146,18,99,58.2
7.3,4225,2091,67.9,79,64,42,48,22,38,59.4
3.1,13048,2051,96.1,534,75,72,26,22,183,34.5
8.0,8234,2587,79.6,137,73,34,113,26,42,62.7
8.1,6680,2494,79.1,229,54,64,10,16,78,51.5
6.2,5854,2098,85.9,275,84,92,118,25,90,43.1
5.1,7027,2323,83.4,329,28,19,119,19,115,42.9
5.0,3469,2746,84.2,311,57,24,67,21,115,38.8
6.9,6878,1783,72.0,357,64,0,69,25,126,47.2
5.4,10413,1940,88.5,541,50,52,38,14,191,38.2
6.8,6755,2350,75.1,348,69,27,50,16,112,47.8
7.0,10168,1963,68.5,170,76,33,89,21,57,61.2
7.2,10973,1980,76.0,486,5,85,104,21,162,53.0
8.7,10238,2629,64.9,474,89,51,66,14,169,63.7
8.6,8592,2344,75.7,338,37,14,62,21,112,54.3
7.1,11672,2180,79.0,370,79,26,88,31,123,52.4
7.7,11534,1927,77.8,218,33,17,110,24,67,58.2
7.4,6591,2328,60.6,425,62,45,84,23,143,57.9
8.8,6161,2610,53.8,197,63,40,97,27,68,71.9
7.1,7310,1747,74.5,220,46,68,72,25,76,50.8
8.1,7660,1772,71.5,386,39,44,10,31,134,48.3
9.8,11663,2438,75.4,420,123,29,115,23,137,63.7
7.4,10655,2004,66.9,192,38,42,10,20,72,58.7
6.3,8864,1916,67.6,252,88,9,40,19,73,51.6
6.3,8962,1961,69.2,257,122,25,87,16,100,53.4
5.9,5555,2464,67.7,427,42,38,53,17,124,49.0
7.9,11468,2454,66.5,257,11,74,83,17,70,63.9
7.4,8982,2338,62.6,262,50,57,134,19,90,63.7
6.4,5670,2050,75.5,461,39,42,16,18,145,42.1
8.9,3952,1914,67.6,129,67,48,89,28,42,61.8
6.4,5067,1988,69.5,226,39,64,14,30,76,47.6
7.0,8698,1888,65.1,30,45,34,69,19,24,66.9
5.9,1626,2062,67.5,30,49,59,51,30,18,56.0
6.8,5345,2212,54.8,226,20,25,20,18,65,57.8
5.9,9797,2458,70.9,92,45,43,132,31,10,65.7
6.8,7320,2213,70.0,152,48,63,91,22,52,59.5
5.5,3706,2140,61.3,53,33,61,135,29,22,63.8
6.2,6795,2795,86.5,261,59,0,48,25,87,45.2
6.0,8236,1200,83.4,380,79,41,123,25,124,39.8
6.0,11036,2424,74.5,293,44,54,99,23,94,53.7
5.7,9727,2382,60.5,412,50,24,27,26,128,54.4
6.4,9630,2387,83.7,143,44,60,37,18,33,53.0
3.6,10443,2525,79.5,510,95,10,36,25,161,41.7
7.8,3978,1784,58.2,288,35,13,91,18,90,55.1
7.2,11860,2533,62.3,152,34,0,89,23,77,70.9
7.3,11867,2334,68.0,288,37,26,140,19,97,62.6
6.6,6847,2061,66.5,345,82,0,42,29,112,49.7
8.5,500,2420,63.3,396,84,65,99,15,133,54.6
5.9,12089,2262,60.4,453,29,84,89,22,157,59.7
4.7,1071,1870,91.5,312,70,12,49,20,104,26.4
7.2,9521,1491,80.1,292,41,30,110,26,98,47.3
9.3,7282,1740,59.9,342,16,38,67,24,123,59.4
8.7,6876,1950,74.7,452,16,14,86,22,169,52.3
8.0,7333,2338,66.1,212,47,45,85,21,67,62.0
9.8,8858,1696,64.9,198,72,31,55,24,51,63.9
6.3,2711,2343,65.5,289,51,1,96,20,88,50.2
6.2,7985,2309,79.5,434,54,45,103,16,138,47.9
6.5,4644,2920,81.0,237,6,48,124,18,78,52.3
3.6,7139,2326,85.0,389,42,0,67,19,126,35.9
8.7,8937,1475,63.6,350,44,35,72,28,130,56.4
6.8,10865,2600,57.6,248,41,24,33,24,80,64.0
6.0,6515,1880,82.9,228,26,42,59,19,78,42.9
6.6,13333,1862,72.7,341,99,68,49,17,101,52.0
5.6,6087,2131,71.0,160,65,64,90,22,46,53.8
6.9,6157,2392,68.4,462,72,61,110,22,133,54.0
6.1,11277,2103,77.8,482,53,39,121,15,167,51.4
6.2,7831,2203,65.6,280,84,28,126,29,106,56.1
5.7,8986,1880,80.4,534,27,0,104,21,172,44.4
6.9,7179,1791,71.4,329,72,55,79,22,114,48.3
6.1,7490,2270,69.8,240,21,59,19,20,93,50.6
8.6,9444,1666,61.9,254,52,0,98,19,95,62.1
7.5,11932,1950,74.3,276,51,46,43,19,94,53.6
5.1,8878,2084,58.9,236,54,61,70,37,82,56.4
7.6,9657,2282,66.1,201,51,13,75,22,64,63.0
7.2,11150,2108,77.4,431,0,55,44,20,133,50.4
6.9,7244,2088,72.5,276,41,6,48,28,104,49.4
6.6,5856,1769,83.9,74,49,23,82,25,29,51.4
8.3,5734,2055,70.1,594,39,6,72,20,199,52.5
5.4,6107,2112,72.6,378,12,55,71,17,103,44.4
6.7,5681,2345,71.9,75,42,55,50,21,11,59.3
4.6,11469,1919,81.3,126,66,22,119,30,46,53.5
7.5,3412,1887,65.0,100,88,4,17,26,22,56.8
6.7,10095,1775,78.7,313,47,101,161,19,103,51.2
5.5,5192,2253,92.0,354,45,37,80,20,115,36.5
7.0,13336,2077,63.5,330,31,34,53,21,100,59.3
8.6,9586,2153,73.3,240,90,15,18,18,76,56.2
6.9,6134,2034,67.0,228,33,11,33,24,91,52.5
4.8,7037,2048,74.3,320,42,48,87,32,107,43.5
6.8,8273,1987,70.7,225,62,44,62,28,73,53.6
7.2,10216,2375,67.7,305,74,22,26,26,112,54.9
5.9,9407,2214,81.4,394,38,56,28,21,125,43.1
9.7,8463,2713,65.3,224,46,30,53,15,69,67.8
4.9,6591,2093,77.7,465,45,51,61,12,140,40.7
3.5,7717,2751,86.4,137,17,45,110,24,56,48.4
5.6,12123,2100,80.6,246,61,31,58,25,84,49.0
4.3,14245,2378,81.0,300,35,54,181,32,84,52.7
8.0,11477,1986,77.9,139,39,63,88,15,34,61.9
8.2,5918,2369,70.2,319,59,60,107,19,108,55.8
4.7,12368,1392,96.8,350,52,0,126,25,128,38.8
5.4,7607,1763,70.5,148,94,62,24,18,42,50.2
5.2,8508,1857,66.3,216,94,47,56,20,63,51.5
6.8,5091,2918,75.2,220,86,50,69,17,56,54.4
7.4,8806,2568,79.1,113,100,0,126,27,28,63.9
8.7,6380,2290,65.1,329,90,0,78,30,113,58.4
7.4,12214,2054,65.4,274,9,29,84,32,88,60.7
6.4,15369,1996,75.0,190,64,0,115,14,70,62.0
6.3,8495,1987,73.1,265,58,78,114,10,79,52.1
6.9,9788,2436,71.7,297,57,14,142,23,107,58.1
7.0,7669,2231,66.8,30,38,5,21,24,5,64.7
6.6,8823,2514,69.9,293,6,25,56,22,104,53.7
6.9,6903,2396,80.9,207,36,29,64,26,65,51.0
6.8,9340,2344,83.9,92,33,41,47,20,32,56.1
4.9,9584,1925,77.9,382,67,0,96,24,132,44.3
7.0,9306,1924,64.3,205,43,2,107,24,54,61.3
5.7,10515,2245,69.0,499,81,21,10,21,158,49.2
7.1,7516,2333,62.7,307,95,49,106,20,105,58.1
7.4,15762,2132,78.9,302,29,29,52,21,95,55.3
8.3,6738,1764,70.4,363,24,39,81,14,118,52.0
6.8,6709,2278,72.2,514,62,63,43,32,170,48.4
6.0,1707,2464,83.2,228,65,33,112,30,61,44.0
7.9,10548,1813,73.6,444,53,47,44,24,137,51.6
6.9,777,2097,53.8,254,21,33,78,35,84,54.9
9.4,7577,1868,60.2,261,58,68,103,27,88,64.2
5.0,6469,2534,78.8,285,45,52,92,27,111,45.0
6.0,4615,2898,90.0,275,67,0,47,24,85,40.7
5.9,8672,2659,89.6,263,44,45,76,26,87,45.2
9.2,13271,1646,50.0,123,71,83,77,18,35,78.8
7.4,10470,2321,61.7,291,71,66,106,30,97,62.8
4.4,6440,2392,82.1,261,35,23,72,16,104,41.2
4.5,13873,2807,85.6,430,69,54,69,30,150,47.5
7.9,6521,1997,65.0,291,63,13,69,29,98,54.7
5.4,11452,2156,81.9,87,46,30,23,18,22,53.8
6.8,3808,1787,68.3,251,80,17,116,28,74,50.7
6.5,7872,1728,69.7,366,18,38,127,22,129,51.1
9.4,5290,2223,57.0,117,39,87,142,22,41,74.8
6.5,14109,2713,63.6,50,79,0,97,19,5,77.2
6.3,6630,2210,71.2,360,55,53,32,20,126,46.5
7.5,5743,2217,80.4,413,47,17,10,23,127,43.2
8.2,9755,1757,73.1,384,43,13,92,18,137,54.0
7.0,7825,2250,75.3,422,30,46,52,19,128,48.7
3.8,14296,2006,80.3,178,85,36,65,17,55,50.1
7.9,9333,2040,73.8,331,55,44,72,19,116,52.9
5.0,8676,2797,75.1,344,51,34,91,22,109,50.1
4.8,10445,2046,73.2,437,78,31,60,29,144,46.1
6.2,7901,2080,79.8,419,78,37,109,21,138,46.4
7.0,9142,2276,68.6,386,56,33,51,24,124,53.5
8.7,6238,1200,59.4,227,112,29,69,16,86,57.6
4.2,6820,1927,85.0,81,16,36,108,17,34,47.6
7.0,6032,1573,62.1,54,91,22,67,21,5,62.5
8.7,9553,2007,70.9,365,62,72,135,20,131,59.7
6.7,6703,2867,77.2,400,69,0,51,21,128,49.5
7.8,10605,1228,60.3,212,19,0,121,24,86,62.8
7.7,6163,1617,61.2,381,25,75,30,25,120,51.0
6.1,5889,2673,86.3,362,47,53,61,26,114,42.0
7.6,9144,2144,76.2,171,58,4,111,20,54,59.9
7.0,8874,2353,77.0,435,58,53,149,23,152,54.3
6.4,10813,2233,76.6,339,46,17,101,31,110,51.9
8.9,5307,2244,73.1,57,34,45,111,18,20,67.1
6.6,4346,2079,80.0,245,53,34,102,25,85,46.1
8.8,11783,1200,61.3,420,5,47,73,33,135,58.9
6.4,4843,2192,73.4,209,104,39,10,18,85,47.3
6.6,10740,2584,70.6,425,46,14,48,25,139,54.9
6.5,2150,2550,79.1,445,30,22,56,21,141,41.9
8.2,10033,2403,70.9,207,32,37,42,21,68,61.2
5.7,8469,2163,87.1,174,22,0,19,23,68,44.4
7.4,9592,2253,74.0,377,76,20,146,20,123,56.9
7.3,10571,2499,72.4,360,63,30,54,28,122,55.4
7.3,11057,1665,78.6,368,47,36,26,25,119,46.4
9.5,9755,2831,72.2,283,46,19,196,23,100,69.9
6.5,10754,2552,84.2,471,40,54,120,20,132,51.3
10.0,11532,2847,65.6,408,0,0,42,21,139,67.9
8.3,11940,2309,85.7,247,70,35,46,19,81,53.6
4.9,9900,2016,86.6,384,50,50,27,30,140,37.3
5.3,5942,2362,94.8,317,65,111,21,22,107,34.5
8.1,7821,2464,70.3,126,73,2,49,16,37,63.9
5.8,8232,2874,94.7,118,76,0,100,25,45,54.2
7.1,6664,2097,78.4,296,54,59,135,17,99,49.8
5.9,5404,2055,68.1,232,53,46,127,22,76,53.2
6.2,10998,2570,67.8,175,78,44,130,21,66,65.7
6.5,9310,2118,72.2,251,47,0,75,25,87,53.3
8.1,6694,1989,67.3,367,83,29,104,15,122,55.4
6.5,8601,2012,77.2,336,77,41,95,19,126,48.1
8.7,9312,1492,82.1,298,37,1,82,21,90,48.0
5.5,5385,1951,80.0,104,33,0,128,17,35,52.1
7.8,6344,2347,62.4,76,22,18,108,25,33,70.4
7.1,7652,2198,76.3,460,72,14,88,23,132,49.8
5.2,8081,2364,75.2,291,0,51,49,14,77,45.5
6.0,4193,2664,73.1,398,0,22,133,17,122,50.3
6.6,10514,3035,72.6,316,59,9,29,23,116,55.5
8.4,8584,2104,65.8,211,12,88,23,20,79,59.9
6.6,7829,1801,63.7,252,24,50,10,21,92,51.3
9.5,6570,2046,66.3,440,55,45,77,17,152,58.3
6.4,5764,2470,88.8,370,12,11,95,22,125,41.9
6.9,8542,3063,79.6,207,16,8,30,18,78,55.6
8.5,8925,2256,58.9,408,90,27,79,21,134,63.2
5.2,13817,2367,58.3,209,60,68,124,20,64,67.6
8.4,14060,2119,71.6,348,73,6,105,22,130,62.1
6.0,7057,2253,80.8,103,35,0,58,25,33,52.8
6.5,5911,2634,79.1,277,93,0,112,20,96,50.2
7.1,5081,2482,73.5,331,0,0,121,27,122,52.1
5.8,8736,2179,68.5,232,10,17,124,24,74,56.5
10.0,5131,2288,77.3,393,7,65,107,23,136,55.6
7.1,4775,2071,71.7,156,27,0,19,24,48,52.2
7.0,6517,2616,68.9,390,79,33,143,16,131,57.3
6.0,6853,2850,79.9,340,99,18,90,32,126,48.6
5.1,6501,1895,74.8,207,54,30,61,20,71,45.8
8.3,4132,1922,60.1,103,64,19,119,28,36,67.1
6.4,8254,2074,70.8,490,0,0,70,20,158,49.9
7.2,8205,2499,74.2,297,63,23,10,19,109,49.8
5.5,12111,2050,87.9,234,33,58,125,20,91,48.8
7.9,5146,2528,56.0,253,23,39,58,27,87,62.2
6.4,9921,1650,78.2,182,39,28,73,22,56,51.2
4.7,13319,2174,86.8,378,46,53,80,21,117,43.6
6.4,4567,2246,78.0,315,82,30,68,17,99,43.5
7.8,5555,1873,75.6,132,10,16,87,23,36,56.3
7.6,5103,2150,82.6,306,24,14,115,23,107,46.3
7.3,9706,2588,79.6,142,80,29,100,29,31,61.6
6.8,9600,2150,70.6,395,19,70,39,23,131,51.0
6.8,11073,2346,81.1,208,3,9,26,24,66,52.6
6.1,8713,2696,77.1,440,109,9,64,26,156,49.8
8.3,13362,1881,75.3,477,22,58,48,22,162,55.2
6.7,9962,2290,63.8,253,46,39,48,24,77,58.4
6.1,11898,1203,74.3,207,44,72,47,18,67,49.3
9.1,8918,1713,71.4,122,85,72,133,21,47,66.8
8.4,7458,2461,67.8,71,52,56,100,20,23,70.8
6.9,8022,2013,77.5,120,58,55,67,21,20,56.0
6.3,12204,2300,85.7,235,69,37,85,16,77,51.5
6.4,10644,1671,72.7,30,71,0,97,18,5,63.6
5.5,10480,1252,84.4,389,73,13,52,25,127,37.2
8.0,11179,1953,61.7,357,84,16,83,22,130,61.3
9.2,9213,1998,72.5,357,33,62,10,23,120,53.4
7.5,16102,2076,58.3,441,26,79,82,28,147,67.4
8.8,7894,2713,69.1,160,38,35,105,16,46,68.9
7.9,8794,1482,71.6,167,31,41,103,23,54,58.5
4.9,7288,1944,93.1,436,70,20,83,27,140,35.3
8.7,9846,2071,64.0,232,0,29,29,18,83,61.9
6.5,3751,2150,58.5,347,83,24,94,19,113,53.3
7.1,509,2547,76.9,42,62,79,119,21,16,58.9
5.6,6753,2179,69.0,429,8,74,118,13,141,50.2
4.5,10076,2478,80.9,342,51,2,78,26,114,44.7
6.0,11271,2615,70.7,120,58,38,91,16,37,65.1
7.2,5097,1713,70.9,476,72,28,70,25,155,46.3
7.0,4001,2594,55.9,319,49,0,104,33,106,59.2
7.8,6549,2131,56.7,532,50,68,62,22,172,58.7
7.2,6501,2216,75.5,53,47,97,59,22,28,60.3
7.0,9086,2251,71.8,343,78,60,76,23,100,53.0
6.1,8838,2345,66.6,227,97,26,76,17,82,57.3
9.4,12460,1683,61.3,264,57,67,22,20,101,63.4
9.4,7382,1652,69.8,318,35,47,75,32,102,54.5
7.1,4909,2021,70.3,84,60,85,32,29,26,57.1
5.0,9323,2412,82.5,553,97,44,78,16,177,43.9
7.3,5892,2649,65.2,508,50,35,175,21,178,61.2
5.2,5934,1961,82.9,327,32,34,108,29,115,39.6
5.0,13085,2500,77.1,142,90,28,38,16,38,56.8
8.1,11012,2125,72.8,265,56,49,83,24,77,58.5
5.7,7348,2315,79.3,328,53,72,101,16,107,45.9
6.2,13419,1989,72.3,218,13,8,32,20,78,55.3
8.0,10740,2248,67.2,403,53,56,95,20,139,60.4
7.4,9548,1877,70.5,318,72,111,78,20,105,53.0
7.7,6669,2232,76.3,291,38,10,76,19,99,50.4
9.1,2942,2503,80.4,394,44,58,53,24,131,48.3
6.1,6191,2058,69.4,93,51,32,80,24,26,58.4
7.2,7173,2287,80.0,205,52,0,132,22,69,55.3
8.8,5268,2329,65.6,287,55,0,63,30,88,57.2
5.6,8834,2588,76.4,210,94,53,118,22,78,55.6
6.6,2996,1547,76.4,130,38,3,80,27,39,48.2
7.9,12092,2446,66.6,160,34,56,91,25,49,69.8
5.2,7265,1819,75.5,299,30,38,137,28,85,45.3
7.1,10495,1786,87.7,331,42,83,76,28,106,43.9
6.4,10463,1974,75.4,576,23,12,83,21,192,49.8
5.6,5167,1872,81.1,430,44,10,106,22,130,40.2
8.4,3799,2271,83.5,168,70,64,42,22,64,50.3
8.0,6771,1861,84.3,448,75,28,119,22,140,46.7
7.5,9513,2401,70.1,306,24,58,67,22,102,56.0
7.7,8868,1451,64.6,282,41,68,63,23,101,53.6
6.3,11647,2572,66.6,218,63,74,28,24,58,60.0
6.9,9559,1656,64.0,109,35,3,39,19,27,61.1
5.7,9757,2341,73.4,301,74,27,95,15,102,51.2
7.8,6316,1918,61.8,145,46,0,124,25,53,65.4
5.6,7811,2051,76.6,265,9,67,48,21,67,45.0
6.2,7883,1893,69.8,439,59,32,104,25,147,49.9
5.5,10168,1456,74.9,424,70,0,71,20,135,43.7
7.1,10533,2038,72.0,271,28,64,25,26,90,52.2
6.5,7872,1771,72.1,420,37,58,62,21,139,46.7
7.3,7960,1700,63.6,332,35,10,106,25,117,55.0
5.9,9448,2051,79.0,480,58,30,39,25,154,44.0
5.8,13718,2101,86.4,158,30,51,28,23,66,51.2
7.4,3804,2229,81.5,285,46,62,54,14,101,43.3
6.6,6005,2373,81.0,242,23,20,52,19,77,46.8
10.0,6115,1777,61.8,349,45,60,149,24,109,63.3
7.6,4946,1713,66.0,341,49,29,87,22,119,50.7
7.0,6352,2464,78.7,299,38,45,127,28,99,50.7
8.5,9517,2086,71.2,569,6,43,77,13,196,56.5
8.1,11053,2887,75.3,161,99,0,92,23,56,67.5
7.0,9121,1481,87.7,196,60,17,116,22,46,47.8
10.0,9067,2316,63.8,416,34,5,26,25,135,62.4
8.3,6019,1915,63.0,345,59,15,40,16,115,53.7
5.4,1309,1927,73.7,197,70,43,101,21,51,44.6
6.4,9512,2008,76.0,456,62,16,84,23,159,48.6
4.5,12101,2668,76.0,305,68,43,101,30,98,51.3
4.9,11087,1613,85.3,307,76,7,47,18,91,37.7
10.0,8245,1608,69.6,228,30,27,75,19,71,60.4
8.6,8708,2415,78.6,353,42,72,136,24,114,57.1
4.6,12290,2796,90.5,158,52,15,57,21,55,50.5
6.8,6620,1943,53.4,204,60,54,115,18,75,64.1
6.3,7277,2579,68.7,405,58,0,95,25,121,54.0
10.0,3639,2505,64.9,30,0,56,48,22,14,72.1
3.7,9755,2298,73.8,228,121,13,127,28,66,50.9
6.0,7150,2263,75.6,368,92,17,130,24,124,49.3
6.0,7692,2067,69.8,473,36,61,26,19,145,46.5
5.9,10341,2516,73.1,319,67,0,111,24,113,54.1
7.1,6470,2432,86.0,399,33,30,64,20,138,44.1
8.0,9843,1999,80.0,375,24,58,75,20,129,50.5
6.1,9983,1644,75.9,216,28,0,10,25,77,46.9
6.7,7525,1925,66.9,253,38,31,65,18,81,53.0
5.6,10766,1827,80.1,312,61,4,45,20,105,42.8
5.7,8221,2180,59.9,538,63,18,75,25,177,54.3
7.3,10431,2367,77.4,346,45,38,40,25,130,51.2
7.6,6836,2336,76.0,284,10,47,43,25,109,49.7
4.4,10079,2361,71.5,139,61,47,42,26,40,54.6
5.9,7541,2267,87.3,252,85,65,126,31,102,45.8
6.4,9405,2192,70.2,254,44,29,73,19,93,54.3
6.3,9453,2178,67.9,379,48,20,98,24,141,54.2
6.5,7423,2632,76.2,229,102,45,92,14,65,54.4
3.5,7344,2028,73.0,310,72,62,51,20,93,39.4
8.2,7927,2123,62.7,323,27,17,94,21,117,59.5
6.7,8693,1443,76.9,323,22,42,82,14,94,44.8
10.0,10049,2009,60.5,223,19,46,49,21,72,68.1
7.6,9140,2094,82.6,236,59,36,74,20,84,51.3
7.3,500,2618,59.8,338,90,44,150,24,119,57.0
5.7,10809,1732,77.9,228,64,52,29,26,80,46.5
6.0,9588,2155,84.0,93,26,41,60,20,38,54.0
7.8,11680,2148,77.0,323,71,35,98,23,96,55.6
6.4,10791,2423,69.3,65,30,32,21,21,17,64.6
5.9,7358,2036,91.0,281,112,61,69,28,101,38.7
9.3,5349,2412,51.4,172,36,44,123,20,57,74.8
7.3,13378,2289,71.9,266,23,63,60,23,81,59.1
7.8,11964,1933,78.0,505,58,38,120,22,175,55.2
6.4,10515,1811,84.6,373,72,51,41,21,119,42.1
8.4,6350,2931,61.7,230,59,49,134,25,75,69.3
6.1,4983,2010,76.9,139,58,20,167,20,46,55.3
8.3,7326,1607,75.4,72,67,0,10,14,23,57.0
6.2,10821,2040,74.0,136,52,0,138,11,50,61.7
8.9,2001,1965,57.7,189,60,56,72,18,66,61.4
8.5,6538,1791,54.8,152,70,49,64,22,40,66.8
6.3,15730,2185,70.0,348,19,35,40,31,113,56.5
9.8,7538,2265,60.3,287,44,41,35,17,92,62.8
7.0,8601,1493,67.0,488,68,18,109,27,149,52.0
9.0,8430,2244,81.8,170,12,17,63,21,61,58.2
5.3,13155,2457,82.4,255,59,28,10,34,101,47.8
7.7,7628,1862,68.6,88,38,55,114,26,41,65.1
7.3,3649,1731,70.3,305,44,61,88,23,107,46.6
6.3,11282,1838,73.8,70,51,43,59,19,8,60.6
8.1,5613,2017,74.6,162,11,37,126,18,52,58.7
8.5,4470,2177,59.9,289,36,34,105,17,107,59.6
7.5,12620,1792,63.8,30,83,25,100,17,21,73.7
7.3,10506,2044,71.9,214,1,0,10,19,74,54.9
7.1,7513,2112,50.5,236,90,57,88,22,75,65.4
7.5,11617,2238,65.1,399,36,52,108,18,130,61.6
7.8,11133,1675,77.6,363,35,42,53,25,122,49.6
7.8,6657,1902,77.0,292,52,51,59,15,78,47.4
7.6,9014,1924,58.4,203,86,79,10,41,61,60.7
6.2,8211,2728,74.4,264,16,22,10,27,70,50.2
8.1,6704,2536,59.1,379,37,43,113,17,109,63.3
7.6,8619,2139,65.2,333,68,4,66,24,96,56.0
7.3,10574,1637,67.0,463,69,78,46,19,155,52.4
6.5,5976,2467,79.7,294,95,37,59,27,90,45.5
8.1,10721,2572,77.2,322,23,0,121,27,106,58.8
4.2,3484,2131,77.4,159,21,26,148,28,53,47.4
6.7,9093,1990,61.7,265,71,67,115,24,77,59.5
6.3,6511,1914,60.7,315,34,53,76,23,93,52.2
6.2,12759,2398,84.5,286,61,76,150,23,86,53.6
6.5,4148,2377,72.3,508,68,32,47,17,168,45.7
5.5,7853,1786,75.9,140,9,56,31,18,56,48.8
6.4,6252,1862,65.7,254,96,44,109,18,61,53.2
5.3,6967,1785,85.5,489,59,44,110,19,172,38.6
7.3,5427,2777,76.8,383,35,11,91,32,134,51.6
8.0,8965,2252,66.4,320,53,0,94,24,97,59.0
8.2,9113,2542,62.0,145,55,34,31,27,46,68.1
7.5,3831,2198,72.8,321,56,0,84,23,107,48.6
6.1,10182,2297,60.9,271,72,50,25,28,89,56.4
5.4,4217,2049,81.8,429,36,25,88,24,141,38.4
6.0,8579,2663,73.6,311,54,14,130,19,110,54.1
6.4,13257,2263,76.2,488,42,13,95,27,154,54.4
6.0,6177,2132,75.7,537,59,37,52,29,184,43.7
10.0,7692,1504,70.9,337,54,59,82,21,111,55.3
7.7,6370,2338,78.1,348,0,28,70,21,107,49.2
7.6,6688,2334,79.6,283,33,16,65,25,89,48.9
7.2,9338,2597,73.2,108,5,16,67,20,13,64.3
6.1,12855,2046,74.9,112,94,76,32,22,46,59.0
7.0,8405,1904,67.6,410,73,34,91,16,131,53.0
7.7,11720,2794,66.2,468,19,0,74,24,150,63.4
8.1,6541,1666,72.6,234,71,25,131,31,68,55.2
7.2,11492,1875,72.6,264,39,0,98,17,97,56.1
7.8,12989,2699,80.3,266,54,20,145,21,82,62.4
6.2,11789,2495,73.6,204,0,6,139,24,68,62.2
4.8,10470,2074,68.2,568,60,83,25,19,172,47.0
8.5,10205,2086,69.6,255,60,43,56,19,101,59.2
6.0,6451,2109,83.3,435,5,62,27,20,137,38.9
6.0,4517,2470,80.0,30,82,82,41,23,5,54.9
5.7,10295,2475,80.8,446,79,42,52,32,152,46.5
7.2,6378,2390,80.5,550,55,99,150,23,179,51.0
6.1,6591,2450,77.4,339,40,0,141,24,114,49.9
8.7,4484,2380,54.6,387,43,70,91,20,140,62.9
8.7,6949,1340,74.6,419,91,40,59,25,131,47.4
7.3,11433,2313,74.3,367,96,57,16,28,118,52.2
5.9,11081,2065,75.3,281,36,31,53,14,90,49.2
9.2,4939,2948,56.5,205,6,51,81,22,58,71.2
8.3,5890,1681,62.7,392,47,46,47,21,133,52.7
5.9,3639,1769,61.4,155,82,33,122,17,41,56.7
7.4,9486,2236,67.6,382,34,39,152,23,131,60.1
7.2,9005,1772,67.7,178,24,79,48,22,61,57.2
7.6,9236,3087,70.3,167,97,17,74,12,50,66.9
7.0,7302,2393,85.5,53,14,74,66,19,10,57.0
6.8,10274,1993,81.2,239,85,16,65,23,72,50.0
10.0,7715,2335,64.3,428,51,52,49,18,148,62.0
7.6,11085,2277,65.2,379,48,34,53,23,137,58.7
6.0,5542,1972,66.9,245,61,51,31,18,76,48.1
6.3,10848,1749,83.7,197,48,43,100,25,57,50.4
9.3,9668,1805,55.9,499,48,48,101,18,163,65.8
6.4,10281,2043,65.3,38,28,51,133,20,9,70.7
5.7,7622,2543,97.5,298,41,40,30,24,97,38.7
7.0,13236,2414,71.5,167,67,66,25,25,53,62.3
6.7,6569,2966,90.6,319,20,48,18,26,107,41.9
8.7,14658,1901,65.0,316,72,79,39,14,110,62.3
9.0,9706,1779,77.1,417,45,29,142,20,139,56.4
6.5,11593,2142,76.6,445,20,17,40,15,156,49.4
8.0,12428,2350,64.5,67,47,47,85,24,31,75.1
6.7,10603,2359,66.6,209,61,0,147,20,64,65.2
5.9,13565,2325,58.6,310,30,62,91,15,100,62.4
9.2,11057,2272,58.3,431,85,26,64,20,145,66.9
9.5,10481,2008,71.1,370,73,58,10,18,132,56.1
7.4,9771,2054,71.3,153,66,44,70,22,47,60.7
6.1,9535,2750,71.1,326,44,34,96,20,123,55.6
5.7,11523,1782,76.1,398,71,43,72,21,127,46.9
7.8,6241,2285,78.2,193,79,0,72,24,57,54.3
8.7,8091,2606,56.9,213,35,25,31,20,58,67.8
7.1,9875,1844,75.4,232,50,55,155,19,79,57.2
8.4,6541,1843,56.9,215,46,2,64,31,66,62.5
6.7,11107,2300,51.7,274,45,50,110,25,89,67.5
6.2,7930,2350,70.4,299,85,57,79,23,95,51.4
7.3,5050,2089,68.2,299,80,19,64,30,99,50.0
4.3,6866,2357,78.3,355,76,68,67,18,123,41.1
6.3,11095,1623,74.1,259,65,55,124,22,85,52.8
8.0,5685,1975,74.1,175,51,70,57,26,56,54.7
3.8,5904,2605,76.6,187,46,44,96,24,55,48.2
5.3,9901,1553,67.4,360,61,25,92,27,133,48.4
6.8,4944,2918,82.2,209,11,64,48,27,72,50.3
5.4,10030,2153,87.8,346,72,35,43,23,102,39.8
6.4,2939,2762,76.5,357,74,58,97,20,111,47.0
4.3,9782,2607,84.6,425,27,24,152,20,149,46.5
7.8,8248,2278,78.5,190,16,21,24,18,57,53.9
8.4,12912,2291,76.8,200,64,16,58,23,65,62.2
5.0,3235,2862,69.3,404,12,70,81,23,134,47.3
7.3,6755,1826,70.3,78,58,51,84,17,21,61.0
6.7,9898,2161,60.5,374,31,0,74,21,128,58.1
7.6,8369,1992,73.4,427,15,27,177,28,139,56.4
8.9,7152,1908,72.1,81,68,41,70,29,27,64.2
5.5,3725,2602,66.5,316,85,73,19,22,98,45.7
8.6,9635,2336,73.4,240,40,28,138,29,62,63.4
9.2,14614,2325,74.0,479,71,61,35,21,152,61.2
4.7,6509,2326,91.8,505,31,77,76,20,162,36.1
8.3,8704,2473,67.9,592,72,4,50,20,197,57.7
5.9,9449,2133,80.2,479,38,37,48,18,164,44.2
7.8,7420,2577,81.1,475,86,19,27,26,162,48.2
6.0,8384,2166,66.7,618,0,71,107,20,210,53.3
6.3,5703,2201,74.1,318,37,49,119,27,97,48.5
6.1,4756,2067,65.3,376,41,24,101,36,120,49.9
5.7,12558,2140,77.2,490,11,11,139,17,163,53.1
7.9,8168,2305,68.3,289,68,19,49,14,111,55.7
7.6,9981,2184,66.1,210,49,11,68,17,93,62.0
7.6,9683,1911,76.0,227,69,21,52,18,70,53.5
6.5,5923,2118,68.4,263,32,19,99,25,78,52.4
6.6,4976,2083,70.9,295,23,49,88,31,88,48.2
7.5,6834,2139,80.5,222,36,15,18,14,66,47.9
5.9,9100,1538,92.4,98,20,48,133,16,42,49.9
6.3,6266,2450,86.4,451,42,18,43,16,156,40.7
8.2,7237,2135,71.6,576,84,6,17,19,175,50.5
7.5,3074,2310,77.4,127,57,29,27,29,28,51.9
8.5,8394,2372,70.9,154,67,19,127,28,58,67.0
3.7,8704,1811,66.8,221,39,6,144,27,90,51.6
8.9,8489,2409,54.4,150,27,20,73,27,58,74.1
8.2,5777,1826,67.2,248,55,75,112,21,75,56.8
8.2,5837,2307,84.8,299,51,25,42,18,93,44.9
4.9,5552,1559,69.8,363,77,42,102,16,123,42.2
6.3,7353,1412,81.1,259,82,18,95,27,92,42.7
6.4,6576,2511,64.8,479,74,55,29,18,163,51.8
7.2,12309,2376,79.7,183,102,2,78,17,45,59.4
9.3,13373,2120,70.6,231,52,64,80,21,78,66.5
7.2,10943,2169,62.2,581,66,58,45,19,196,58.2
8.5,8765,1622,69.4,330,81,32,109,20,115,55.5
8.8,7642,2168,72.9,356,71,75,33,21,117,52.8
7.9,6228,2210,72.2,201,75,55,112,18,83,58.6
7.3,8678,2022,81.8,323,52,94,149,26,110,50.5
8.6,8059,2115,74.0,308,48,54,100,33,93,55.2
4.9,5707,1829,94.0,313,43,8,115,24,103,34.7
7.8,6363,1653,83.3,342,45,19,114,23,112,44.8
9.0,3246,2232,71.1,455,51,58,115,21,138,54.2
7.2,5756,1737,79.1,149,33,0,65,32,38,50.3
7.7,9575,2332,69.1,371,22,33,98,20,134,58.2
8.3,11289,2291,72.5,330,21,0,96,27,106,59.3
6.5,9924,2532,80.0,383,82,59,23,19,143,47.5
10.0,7141,2285,59.6,417,39,32,61,17,136,64.1
5.4,4007,3229,90.1,275,65,24,47,20,99,40.5
4.5,5270,2060,77.4,275,46,33,58,22,100,39.3
7.9,9691,2301,72.9,377,83,17,122,27,130,57.8
6.1,9598,1949,74.1,203,19,8,60,24,64,52.5
7.2,6743,2529,84.3,282,46,36,59,19,105,46.6
7.3,7403,2222,61.1,313,37,25,82,12,97,57.5
7.5,13699,1550,61.2,425,50,10,69,16,144,59.6
5.2,3743,1876,73.6,316,73,83,44,18,117,38.5
6.0,8527,2108,73.1,323,47,33,85,16,114,48.8
8.4,5221,1725,69.2,273,35,24,79,25,88,52.3
6.2,5387,2354,65.1,336,50,34,54,18,107,50.2
6.8,9626,1669,75.7,322,42,33,88,20,116,48.1
6.1,13081,2090,65.2,222,62,30,63,23,87,60.4
7.5,10168,2057,72.5,375,0,0,113,26,118,55.7
6.3,12720,2513,84.5,141,41,68,10,17,49,54.8
9.0,3283,2084,73.9,312,51,14,58,22,110,49.2
5.8,9826,2457,73.7,514,70,75,85,21,171,51.6
5.0,10945,2305,74.1,127,72,6,66,20,43,57.2
5.3,7840,1760,98.7,183,33,58,23,23,68,38.6
8.4,10742,2934,74.5,444,39,61,158,17,143,64.9
5.3,15463,2540,83.4,398,8,37,81,14,136,51.2
5.1,8905,1827,86.8,181,53,0,31,23,58,41.6
7.9,7440,1790,75.0,156,112,38,111,21,53,58.0
9.2,11567,2587,70.9,31,55,68,65,25,22,76.3
9.6,11492,2476,67.9,85,33,1,123,15,37,78.4
6.7,7771,2398,76.5,274,54,25,64,17,87,50.1
3.0,7007,1824,82.8,442,0,12,113,20,148,34.7
6.6,11488,1947,73.6,427,69,48,81,23,153,51.9
8.5,7321,2620,80.9,395,83,76,81,20,126,52.8
5.5,8354,2369,84.4,130,45,35,54,18,40,50.3
6.1,9322,1905,69.1,467,29,17,63,21,166,49.6
7.3,7997,2651,79.7,376,39,82,93,26,125,51.9
8.4,8555,2863,68.2,124,41,41,69,25,31,69.9
5.6,6271,1997,71.3,152,63,34,42,21,55,51.1
8.3,10019,1930,72.6,397,57,30,49,18,134,53.5
7.8,7406,2690,63.9,405,48,7,101,32,142,61.1
6.5,12638,2739,67.2,253,50,52,108,17,88,64.6
7.9,8818,2732,80.7,241,34,58,119,25,86,58.5
8.2,11279,2308,59.7,358,65,28,67,17,115,64.1
9.0,10198,1993,68.6,322,50,52,150,15,114,63.0
8.8,11526,2490,74.6,373,11,0,119,28,141,62.3
5.4,7290,2057,71.3,128,68,28,78,22,35,55.0
7.5,5302,2037,80.4,298,43,19,82,22,94,45.3
6.8,6074,2236,78.6,343,40,40,106,18,122,47.6
7.4,5875,2182,99.6,323,95,7,49,23,108,39.8
6.9,6291,1997,74.5,304,60,0,23,25,95,44.5
7.1,5328,1802,87.9,211,67,28,86,24,62,43.7
6.9,8187,2104,64.0,340,35,33,84,18,137,55.2
6.1,10516,1955,69.7,88,35,65,48,22,17,60.6
7.2,5009,1701,81.5,328,86,48,53,18,101,40.1
8.1,6683,2239,65.6,476,112,53,117,21,163,58.4
6.6,11262,2248,70.6,326,74,0,84,22,100,55.3
6.2,4321,2442,90.7,190,0,62,15,29,64,40.8
7.2,8498,2235,78.2,261,31,59,10,20,76,48.2
7.4,10090,2163,76.5,202,48,47,10,13,65,53.7
6.0,14132,2438,78.6,324,46,0,142,25,105,56.5
6.4,2126,2237,78.3,303,46,38,54,27,95,40.0
5.4,4942,2285,64.0,188,14,20,70,15,64,54.3
7.3,9290,2378,73.6,429,98,26,176,22,138,58.8
6.5,7490,1986,69.3,262,64,16,41,25,92,49.8
8.7,1100,2521,76.4,352,31,44,116,18,109,50.5
7.6,7298,2198,65.9,487,35,5,70,29,166,54.9
7.8,6051,2147,66.4,153,65,38,114,27,56,63.3
7.1,4047,2517,62.0,488,44,67,99,17,168,55.8
8.0,7472,2018,75.2,227,53,22,10,29,85,51.2
4.8,4921,2045,91.3,459,61,25,43,15,141,31.3
6.9,6163,2358,66.4,443,37,3,43,22,138,51.4
6.5,12007,2262,69.4,225,93,55,89,17,62,60.3
8.4,13534,3351,77.0,287,0,12,55,21,98,64.5
5.2,6063,2550,78.0,75,31,18,90,32,17,56.2
7.2,8812,1362,74.3,259,70,54,103,20,82,50.0
8.6,10182,2298,72.7,181,33,46,149,22,66,67.4
6.8,6215,1554,71.9,211,46,0,102,27,77,51.0
6.8,5881,2054,70.9,308,81,49,77,19,84,48.5
7.3,10217,2261,65.0,351,62,28,88,26,117,58.8
6.6,7882,2038,66.1,224,53,32,12,20,70,53.0
7.4,7918,1433,56.7,304,79,71,58,22,103,54.6
8.3,5341,2220,70.3,242,36,56,40,18,81,54.3
7.3,5738,2003,73.4,354,61,65,124,19,116,50.5
6.9,8669,2424,77.1,272,63,11,110,27,104,53.7
7.9,7322,1536,77.3,169,21,72,10,19,59,49.8
8.9,8747,1945,69.2,214,29,15,106,25,66,62.6
6.1,11039,2485,64.7,267,7,17,115,9,86,61.1
9.4,8900,1419,60.4,376,57,33,50,20,110,58.1
6.1,6744,2366,67.7,482,81,49,113,26,146,53.1
7.4,10944,1927,64.2,223,30,66,87,25,70,62.1
7.3,8409,2118,76.6,89,0,34,29,19,32,58.1
7.4,12039,1799,72.4,450,49,79,24,23,159,51.3
4.8,6578,2090,72.6,368,80,87,182,39,114,48.8
5.3,8188,1833,84.0,335,41,6,71,24,115,38.9
6.4,7579,1771,73.2,141,63,69,94,19,60,55.2
6.0,8783,2483,70.0,291,0,38,20,20,107,50.2
7.6,9124,2152,74.6,385,64,60,148,28,133,56.0
8.4,8478,2284,79.7,130,88,8,113,23,32,62.6
4.2,10676,2223,76.3,410,96,66,86,25,131,45.7
5.4,9602,2650,70.4,350,75,21,148,19,123,56.2
6.2,15099,2333,79.0,447,114,63,20,17,153,51.0
5.4,15532,2380,79.2,396,72,34,53,28,136,51.4
6.4,6600,2452,71.3,35,48,32,81,11,18,64.1
5.7,7074,1899,71.9,180,38,35,56,24,56,50.7
7.5,5028,2822,72.7,382,9,54,112,18,123,55.0
10.0,12855,1733,54.7,153,34,35,101,22,83,78.3
5.8,7310,2302,73.5,207,23,50,128,17,70,54.8
8.5,9181,2300,63.0,280,70,35,87,24,103,63.1
10.0,5238,3032,56.7,240,21,5,40,30,79,70.1
6.0,8827,2340,78.0,60,24,43,68,21,22,59.2
9.7,3729,1929,79.8,353,74,45,103,25,114,49.7
5.7,11723,1977,64.5,273,37,0,67,13,91,55.4
8.5,13450,2043,75.5,329,71,27,85,25,98,58.3
5.8,10385,2238,77.3,276,94,53,62,10,99,49.0
4.4,5937,2265,50.0,30,27,38,100,21,36,69.1
8.2,9996,2339,66.5,222,58,45,101,19,75,65.3
7.5,9032,2209,98.9,190,123,25,176,23,48,55.4
6.7,12252,2385,57.4,304,67,18,15,31,94,60.5
4.7,10784,1800,89.4,380,73,43,93,25,138,38.3
8.6,5600,1637,71.7,253,47,0,163,22,73,56.5
8.3,11638,2585,62.0,376,55,47,128,29,128,68.2
4.5,8282,1643,84.6,465,70,61,156,21,164,39.8
7.1,12053,2169,76.0,370,21,53,37,21,127,51.8
7.6,4273,1915,70.8,525,16,35,82,25,160,48.3
5.4,9921,2816,75.4,159,60,63,24,30,48,55.8
8.1,7704,2859,66.4,428,44,62,46,23,150,59.3
10.0,8757,2204,66.4,243,17,0,136,34,73,68.5
8.2,6667,2091,73.5,338,11,25,33,22,115,49.7
9.1,9852,2111,74.5,118,76,37,68,20,31,65.5
8.0,5972,2267,68.7,529,49,39,43,17,182,52.4
5.4,4274,2499,80.8,214,39,48,92,18,72,46.2
7.9,6474,3378,59.9,401,49,48,21,28,136,62.6
5.1,6503,1829,64.7,517,51,39,80,23,166,46.9
6.2,7650,2284,72.1,295,45,51,116,23,90,51.7
6.5,10424,2145,65.3,452,9,31,66,22,132,55.2
6.3,5980,2017,74.9,151,60,70,134,19,44,55.6
5.8,10632,2047,80.0,407,25,81,100,21,132,47.4
6.5,10065,2161,75.3,318,40,67,66,25,109,49.9
6.6,11222,2268,69.9,274,61,53,52,22,76,55.4
8.5,7506,2331,61.8,224,69,44,121,27,87,66.6
7.4,12709,2374,77.6,128,58,34,67,22,36,63.5
8.1,7696,1708,78.4,316,53,52,75,25,101,47.7
6.5,10921,1964,74.6,250,73,41,164,26,87,57.3
8.1,13018,2389,63.7,375,61,62,121,21,122,66.7
4.3,11754,2703,87.1,335,26,24,48,27,116,42.6
5.1,8188,2366,68.6,339,72,63,84,35,107,50.1
8.1,5504,2094,61.1,375,71,45,120,16,119,58.8
6.0,5915,2365,81.1,174,54,50,54,22,55,48.6
6.9,5827,2289,60.3,121,66,29,137,21,35,67.5
3.8,6644,1833,72.5,185,56,34,98,25,63,46.4
6.3,8406,2138,84.7,263,0,55,172,27,97,50.0
5.2,10237,2260,65.4,185,40,70,69,30,42,58.2
5.9,10604,2451,73.6,151,46,0,103,20,59,60.9
7.0,11095,2697,87.2,117,45,35,51,33,41,57.8
6.9,10933,2826,78.0,280,38,0,76,28,104,56.1
6.5,8167,1615,66.3,270,49,28,56,20,92,50.3
8.0,10257,2134,72.9,298,69,55,121,19,104,57.7
6.2,7783,2723,78.7,394,56,53,15,15,121,46.1
6.5,9320,2470,65.8,300,46,70,10,22,110,52.9
5.2,7885,2487,82.5,364,2,41,92,31,112,44.3
8.4,8439,1944,79.5,374,77,0,83,22,123,50.5
5.7,7568,1958,89.4,153,38,39,49,25,66,43.8
5.0,3694,2430,82.7,543,93,64,84,14,186,38.5
5.2,7772,2032,84.9,198,28,60,10,33,61,41.2
7.1,10127,1802,65.6,287,68,53,143,17,94,58.6
6.7,11063,2235,87.8,228,47,28,49,25,80,48.3
6.5,9823,2132,67.4,285,21,68,122,24,104,57.0
8.1,5917,2504,64.3,451,74,38,34,16,141,55.8
5.5,7145,2343,74.1,435,10,1,26,16,151,44.3
7.4,4167,2877,67.5,244,54,21,42,24,80,56.2
6.9,10332,1853,63.9,130,53,45,82,32,34,64.4
7.3,6091,2215,69.7,527,32,8,116,26,181,53.6
6.9,9505,2397,85.4,473,80,21,143,19,152,50.7
5.8,9711,2384,71.5,30,56,12,123,19,5,67.5
3.9,6100,2289,77.6,322,94,44,24,24,108,37.0
7.9,9232,1590,81.7,130,57,19,72,26,44,54.7
6.8,13388,1513,57.7,277,64,51,60,19,91,59.8
7.0,7553,1823,79.6,321,0,36,77,18,96,44.9
6.8,11428,2373,72.0,366,67,0,95,28,135,56.3
4.9,9219,1535,83.3,93,61,34,49,20,37,46.8
7.1,9325,2431,75.1,490,37,11,159,19,168,57.0
6.8,8252,2093,84.6,180,32,49,63,25,52,49.8
6.7,11018,2082,64.8,236,45,24,110,16,74,61.6
9.0,8075,2879,56.2,320,72,59,22,14,95,65.9
7.0,10120,2825,76.0,234,21,66,159,23,75,62.7
6.6,11023,1964,65.1,359,18,17,107,18,109,57.2
6.6,11241,2471,80.7,346,70,59,68,28,109,50.6
5.4,10023,2213,81.3,363,40,14,94,21,140,45.9
7.0,10550,2499,75.8,336,46,33,97,23,133,55.0
7.2,8579,2063,67.2,132,47,30,88,25,44,63.0
5.9,7353,1732,75.9,356,58,22,69,15,114,43.1
7.8,9390,2185,68.8,472,81,44,30,27,164,54.0
7.4,9416,2484,85.3,224,23,65,143,36,72,56.2
6.7,9403,2151,71.8,293,61,47,88,14,107,52.7
7.9,11510,2488,65.1,419,49,33,49,19,141,61.1
6.3,8592,2645,83.3,417,58,1,69,23,150,47.0
7.8,4846,2612,62.9,213,106,0,127,20,82,64.3
6.2,3005,2364,90.1,196,19,27,129,24,59,44.3
8.9,9008,1738,54.7,301,65,0,69,30,97,62.6
6.0,11273,1509,90.2,338,77,7,58,29,115,38.3
6.6,7934,2406,74.3,394,25,41,61,19,145,49.7
5.7,13572,2473,73.7,49,44,7,122,25,30,69.4
7.5,8944,2203,85.4,272,37,18,132,20,90,51.3
5.3,14993,2292,75.9,305,85,41,70,30,100,52.6
6.6,8268,2166,65.8,101,50,41,106,26,38,65.2
5.0,12772,2224,78.5,325,10,25,67,22,110,47.7
7.5,7397,2333,76.6,212,107,0,26,14,74,52.5
7.6,11397,2516,70.7,421,92,25,104,33,141,60.3
7.0,10117,2239,70.8,260,73,38,74,29,68,56.3
6.1,9468,2206,73.2,288,45,36,74,23,97,50.7
7.7,9457,2149,75.5,148,23,61,112,38,49,62.0
5.6,12359,2281,68.0,453,44,22,27,19,150,52.3
5.8,8071,1499,80.1,413,73,1,10,15,141,37.1
7.7,8843,2519,83.1,306,45,27,95,21,91,51.4
7.5,15922,2133,82.8,270,36,26,148,19,94,60.0
7.5,10016,1925,83.3,407,13,38,119,11,130,49.6
9.8,11880,2681,57.7,383,27,68,49,28,114,71.1
7.0,7887,2104,86.3,210,15,8,91,27,75,49.0
6.3,7104,1833,74.0,202,53,43,101,18,71,51.7
6.6,10630,2459,77.5,193,70,45,103,24,50,58.7
4.1,9144,2032,81.9,291,18,29,56,25,85,38.8
7.3,8011,2068,66.9,255,8,37,56,29,74,55.3
8.6,3993,2500,69.4,441,50,34,10,18,134,51.4
6.3,3719,2544,81.3,431,44,36,89,21,138,43.7
8.5,3306,1728,73.0,285,58,88,111,19,100,49.7
5.5,9466,2171,80.6,377,13,48,119,11,130,47.0
5.8,5643,1692,70.1,419,78,11,36,30,135,42.0
5.8,3836,2049,75.4,576,60,37,77,27,178,41.8
4.9,6157,1923,81.4,394,78,98,76,20,133,38.1
8.7,3363,2568,55.1,375,38,31,46,23,129,60.2
7.5,6860,1817,76.4,30,75,0,121,17,5,62.8
7.6,6727,2390,74.6,433,36,17,80,30,135,51.8
5.9,9870,2095,87.9,314,74,30,60,27,104,41.1
7.8,8941,1641,67.0,215,37,31,125,17,64,60.4
6.1,7201,1911,75.0,206,2,73,105,19,51,51.4
6.2,10282,1745,75.4,345,71,47,53,19,104,46.2
8.2,5150,1913,74.9,134,35,22,10,22,38,53.5
5.7,7213,1846,73.4,174,74,45,49,24,67,49.6
5.5,6372,2084,87.5,394,9,28,84,13,124,38.1
5.3,8343,2535,76.2,428,6,29,59,16,137,46.8
6.6,2911,1901,76.0,477,40,70,33,27,160,39.5
9.5,14664,1803,59.8,168,50,76,70,25,57,74.3
6.5,9454,1988,65.4,213,7,49,11,18,59,54.8
5.1,9544,2094,77.7,322,35,20,102,18,104,46.1
6.0,3010,1927,69.2,419,21,76,164,19,150,48.1
6.2,9095,1746,67.3,352,52,47,104,21,120,51.6
6.9,7896,2463,73.1,325,106,40,132,30,113,54.8
7.3,11518,2401,61.5,230,39,18,53,19,81,64.5
4.1,7720,2165,79.2,162,34,31,65,18,46,46.5
5.2,7544,2728,78.6,120,53,92,32,18,48,53.3
5.1,8349,3065,87.2,256,99,0,103,26,79,48.3
8.1,12239,2664,68.5,215,22,106,121,20,67,69.6
5.5,4251,1463,80.7,229,51,77,55,26,72,37.7
7.2,3798,2309,62.3,316,112,72,88,13,115,53.8
7.4,2435,1925,61.8,357,33,45,20,19,131,47.6
6.1,11418,2074,82.5,230,37,23,73,22,64,50.1
3.6,11101,1639,77.4,339,73,22,46,23,116,38.6
8.3,5239,2291,61.1,363,95,3,85,26,101,58.5
8.5,4657,2805,60.4,237,98,28,104,14,85,65.9
6.8,11088,2177,70.9,231,46,30,42,19,70,56.1
5.9,4596,2555,81.4,310,26,48,26,23,106,40.3
9.1,7725,2320,50.0,182,34,3,76,29,65,74.2
5.9,7015,2467,97.4,615,23,11,77,24,195,40.4
7.8,17282,1405,71.0,336,52,3,75,23,119,58.5
4.9,8054,2351,72.5,166,67,44,29,28,49,51.2
7.4,11939,2496,70.5,353,55,52,30,23,101,56.6
5.1,9743,2796,70.9,244,38,68,89,18,83,56.1
7.3,7223,1696,73.5,414,74,15,10,31,140,44.4
6.8,6936,2774,67.1,336,63,29,31,15,119,53.6
6.3,8710,2084,76.1,351,62,12,148,19,106,51.4
6.3,8736,2266,71.2,30,70,14,57,24,5,63.8
8.2,7135,2530,74.1,333,58,47,21,40,106,51.9
6.7,10006,2523,87.7,488,47,102,28,21,160,44.4
7.3,8600,1596,66.4,487,20,22,128,25,153,54.7
10.0,6612,2240,63.6,553,42,0,51,23,177,60.8
5.2,7525,1829,83.8,468,31,83,72,22,152,38.1
5.8,9873,2218,86.4,295,94,0,60,24,81,42.7
4.7,5642,1987,83.0,413,92,26,20,24,131,33.7
4.6,5639,1618,74.2,296,86,36,17,21,103,35.8
9.3,5046,1845,56.5,372,40,60,96,25,133,60.9
6.3,7524,2396,77.4,415,47,70,31,21,126,45.4
3.4,7827,2321,89.2,310,34,29,169,23,103,39.0
6.4,5499,1814,78.9,413,20,83,19,22,150,39.0
6.2,8497,1998,80.7,234,71,29,32,29,83,45.4
5.4,8520,2286,67.5,382,32,2,98,27,130,52.0
6.2,11007,2301,70.8,326,43,33,85,18,98,54.2
7.0,10921,2436,71.7,241,41,28,131,25,91,61.7
6.3,3099,2280,77.2,416,97,23,98,23,133,43.8
7.9,9277,2406,72.5,130,51,59,125,22,37,67.0
6.7,3180,2177,76.6,267,71,0,144,29,93,48.6
6.8,10036,2374,57.8,301,41,50,67,19,97,60.8
6.5,9980,2761,63.8,476,33,37,10,25,161,56.5
5.2,5789,2750,78.8,285,60,7,138,20,101,48.5
5.2,9408,2212,79.5,286,76,39,117,25,100,47.6
7.0,5707,1790,71.9,433,37,73,101,28,140,47.9
5.8,8140,2670,79.8,315,67,51,139,20,119,50.7
7.6,8714,1377,76.5,206,43,21,77,21,97,51.2
6.4,7785,2382,66.0,589,8,56,56,21,197,52.8
5.8,10502,2369,62.8,410,30,3,124,17,146,59.0
7.1,6382,2216,69.4,262,49,47,91,19,91,54.3
6.8,9853,2338,78.8,284,56,76,71,14,93,50.9
4.6,5177,1737,82.1,165,65,4,141,26,56,45.0
4.4,2806,1832,78.4,331,87,60,133,21,105,37.3
7.5,3870,1751,81.2,412,50,9,57,29,131,40.5
5.8,5825,1794,93.5,84,14,34,22,23,22,43.1
7.0,10267,1953,78.8,325,55,0,41,25,110,47.1
7.1,9976,2138,85.3,127,39,64,56,24,48,54.4
8.4,7903,2549,56.9,262,24,7,60,33,88,65.6
8.9,2850,2884,68.2,319,51,28,91,24,105,58.0
5.3,13419,1910,73.8,323,67,66,202,20,113,56.3
6.6,4383,2173,79.8,586,65,49,121,26,185,45.1
6.6,9464,2234,64.2,335,28,58,129,14,104,58.8
8.8,7396,1888,67.4,232,80,61,79,26,76,59.3
4.9,9585,2038,74.2,187,64,45,89,13,55,52.2
8.7,12066,2792,74.5,233,91,83,101,26,86,66.7
7.5,9005,2619,67.4,345,102,49,128,36,105,61.3
6.1,10416,2662,63.3,89,65,31,119,25,24,71.5
7.9,16801,2393,73.9,155,80,27,108,23,48,71.7
6.3,11241,2496,81.9,335,63,27,54,20,114,48.7
4.7,4100,2327,72.8,278,11,33,12,24,88,40.1
7.0,1071,2759,78.5,357,0,58,128,23,107,47.2
6.5,9938,1200,75.5,204,36,2,109,22,72,50.8
6.2,7247,1816,76.3,229,60,0,55,22,76,46.7
5.8,10653,1682,59.3,429,13,0,170,18,138,59.0
7.6,1619,1961,80.4,379,50,12,46,21,130,39.5
6.8,11647,2218,76.5,118,70,36,79,23,49,61.7
6.2,8225,2149,77.7,90,11,69,70,26,33,56.8
6.0,14141,1901,79.3,176,75,35,53,26,56,54.8
6.2,8490,2259,77.4,229,57,42,59,24,79,50.4
6.0,9945,2321,87.8,413,50,49,55,30,125,42.9
6.3,7479,2385,84.0,150,18,54,51,23,50,50.5
7.7,7271,2466,67.2,388,67,68,102,27,129,58.0
6.3,9291,1981,97.0,255,54,24,114,28,79,44.9
7.0,7666,2550,79.2,283,0,25,55,23,107,49.5
6.3,6902,2174,90.7,247,55,23,60,20,78,41.3
4.5,9498,2463,82.3,340,26,72,95,16,117,44.1
7.1,6945,1978,73.7,419,32,56,90,15,138,49.2
5.9,9586,2800,66.5,214,53,39,85,14,61,61.4
7.7,4258,2376,56.8,433,61,91,88,25,133,58.7
9.0,8524,2239,67.3,402,77,26,104,18,129,60.9
5.9,7986,1775,73.5,266,29,11,124,26,90,49.7
8.0,2442,2580,73.3,222,51,1,58,14,59,53.0
6.3,5185,1820,69.7,468,4,48,94,23,145,46.6
6.4,1580,2976,80.6,267,60,3,61,24,84,44.8
7.3,8775,2456,79.4,276,40,51,10,27,90,48.7
4.2,6347,1743,95.2,351,63,28,44,12,117,29.6
4.6,7628,2274,99.3,393,45,18,152,14,128,40.2
6.9,12094,2888,79.4,462,37,56,121,26,149,57.9
3.4,8498,2195,100.0,363,43,20,10,23,111,30.7
8.2,9288,2074,72.9,318,0,17,52,24,108,53.4
8.5,7193,2308,70.6,328,68,34,73,22,110,55.7
7.3,6516,1935,64.3,151,70,20,81,19,61,60.6
6.6,4621,2666,74.8,264,71,55,58,20,88,49.5
8.2,10448,1900,66.7,182,47,70,111,26,59,65.5
6.2,12669,2351,67.8,399,79,93,141,19,124,60.4
6.3,11661,2637,62.7,222,32,24,125,21,73,67.1
6.6,5293,2219,74.0,437,25,19,58,16,140,46.1
5.7,11891,2651,68.0,242,68,0,25,30,78,57.2
8.5,8063,2133,67.4,220,36,45,104,29,74,62.6
8.4,12472,1805,75.1,211,91,66,20,20,73,57.3
5.6,9540,2459,70.2,129,79,3,109,21,40,62.2
5.8,9347,2317,66.6,200,51,0,137,26,70,61.4
6.3,9419,1864,64.3,211,20,107,101,31,62,58.8
8.4,3926,2169,63.6,418,33,2,37,21,157,52.9
6.3,5088,1858,70.0,265,45,17,41,13,79,45.9
7.0,6809,2197,62.4,277,116,0,83,26,85,56.6
5.4,7516,2998,85.3,251,56,0,151,27,59,51.4
8.8,8815,2535,72.2,424,68,30,86,16,127,59.2
5.3,7251,2419,66.0,321,29,67,35,17,104,48.8
6.3,7134,2259,66.7,190,52,35,76,14,61,57.3
4.6,11847,2567,87.0,143,31,0,164,17,46,56.3
8.4,12148,2227,58.3,238,35,33,21,21,82,66.5
6.8,10134,1572,66.1,445,5,0,134,19,153,55.1
9.1,6543,1731,65.0,282,58,9,67,24,95,56.4
5.5,9631,2007,71.3,440,68,37,99,17,142,49.8
8.2,11957,2052,86.2,506,13,31,117,12,160,52.4
7.3,7836,2208,75.7,534,20,41,50,19,176,49.0
5.8,12124,2615,78.9,261,14,61,127,29,80,56.1
5.9,13725,2336,75.8,198,50,34,100,23,76,59.8
7.5,11134,2262,78.4,394,48,16,135,20,131,56.1
6.8,10173,1814,76.0,168,71,49,96,30,52,56.4
5.9,9436,2146,72.3,302,21,0,157,23,90,53.8
9.1,10211,1982,53.7,192,41,36,14,15,67,69.1
6.9,9629,1842,68.4,249,31,67,108,23,84,56.6
6.3,5195,1200,72.4,288,66,18,91,26,98,42.2
5.4,12092,1785,81.6,244,50,20,37,23,77,45.1
6.1,8731,2810,83.1,389,36,81,132,16,115,51.0
4.0,15081,2607,82.0,329,30,41,36,24,114,46.6
6.8,15969,1901,74.3,183,59,38,109,25,64,63.5
7.8,7822,2030,61.2,194,77,42,64,18,59,62.3
8.7,9052,3080,61.1,222,58,12,171,20,80,76.1
6.3,7338,3033,60.8,455,41,64,105,27,156,61.1
7.4,5926,2275,66.8,388,15,74,106,25,139,55.0
6.3,8344,2461,77.6,61,82,28,146,13,24,64.5
4.5,8588,2304,85.8,336,50,45,81,29,112,39.7
4.1,4979,2090,76.2,602,68,59,101,25,208,39.8
6.7,5479,2296,82.6,338,68,60,28,21,114,41.0
4.2,500,2420,93.3,290,75,64,82,16,102,30.0
6.5,5344,2568,81.5,224,88,0,84,17,62,49.1
6.2,10781,2314,84.8,180,0,52,10,26,64,49.4
4.5,12396,2309,73.1,332,54,73,99,14,109,50.9
3.3,3177,1757,72.7,58,79,50,136,20,25,49.4
5.8,4881,1911,83.8,219,51,74,115,24,74,43.9
8.7,11812,1566,78.9,296,57,35,132,21,100,55.3
7.1,6195,2365,86.0,433,51,45,108,15,143,45.6
5.8,7254,2000,63.2,117,45,34,83,23,27,60.5
5.7,6643,2130,77.2,247,22,48,10,21,83,43.3
7.2,10975,2230,63.3,375,37,55,45,25,128,58.1
6.9,13018,2305,71.9,277,20,5,84,19,91,58.5
7.6,8698,1533,77.8,455,64,37,58,25,156,46.0
9.1,7314,2335,69.8,366,62,36,43,17,119,56.3
8.2,7902,2061,57.6,203,49,21,189,25,60,71.3
8.2,10907,2508,68.0,303,0,43,138,24,98,64.3
6.6,9917,2088,69.9,203,41,13,168,16,75,62.2
3.8,7823,1986,89.9,290,21,13,59,23,91,32.8
4.0,8382,2599,76.2,321,24,19,77,27,112,44.7
7.4,6561,1862,73.1,381,56,4,64,18,128,47.8
6.0,6694,2020,73.4,325,72,17,10,34,106,42.7
8.9,4724,1875,81.6,158,83,80,97,22,59,54.3
8.7,11593,2036,73.6,64,58,7,61,16,19,68.5
6.9,2386,2788,72.3,363,86,12,60,18,123,48.2
6.1,9253,1775,72.7,47,17,38,49,26,25,58.9
5.6,8427,2111,77.3,320,28,9,78,23,120,45.2
8.8,8246,2475,85.0,186,48,12,111,24,56,58.9
7.0,6846,2121,77.8,296,66,5,42,38,104,45.4
5.8,7706,2337,79.0,280,62,35,66,33,104,46.1
6.6,13251,2013,79.6,335,69,29,70,17,124,50.6
6.4,8697,2162,79.3,299,54,46,75,29,97,46.9
9.1,8936,2110,72.0,379,51,40,47,14,121,55.6
7.0,9021,2134,78.4,328,91,64,102,20,113,50.3
6.8,6605,2610,65.7,432,62,22,81,28,147,55.5
5.0,6966,1987,68.6,238,54,6,69,23,70,48.7
7.4,9923,2308,77.4,168,52,14,96,29,60,60.0
6.9,6230,2535,76.4,329,31,80,75,19,116,49.1
7.5,8239,2393,67.2,287,69,0,47,20,98,55.7
6.9,11636,2105,67.9,343,22,63,91,17,115,57.0
6.4,6690,2672,79.1,290,5,63,85,20,91,48.8
6.9,8203,2256,77.5,421,94,42,10,23,130,45.7
5.8,7750,2504,64.6,355,87,12,120,25,119,55.9
7.0,9856,2015,73.4,152,61,48,30,26,51,56.7
8.5,8892,2405,67.6,249,59,14,80,24,70,62.3
7.9,6653,2435,68.0,318,44,23,64,19,109,55.3
6.4,7061,1931,66.0,250,39,41,87,19,90,53.5
6.5,6771,2675,68.9,224,4,22,60,17,77,56.5
7.6,6553,2595,68.8,452,23,8,92,29,157,56.2
7.3,3763,2011,57.3,389,27,30,132,25,130,57.0
6.8,8988,1704,82.0,210,51,47,60,22,67,47.7
6.1,6692,2137,75.2,406,94,64,64,16,144,45.3
5.6,9805,2165,72.4,394,12,52,52,23,136,48.3
5.6,8728,1989,69.0,370,65,74,93,18,115,49.9
6.6,7480,2035,76.2,116,67,41,70,14,30,55.7
7.2,7259,2490,58.8,318,8,30,85,20,115,60.1
4.6,4934,2760,86.1,181,14,79,33,25,54,42.5
7.8,8849,2473,77.2,275,56,26,82,19,88,54.8
5.4,8275,2638,72.5,435,57,57,10,22,143,46.9
5.9,6817,2201,58.1,252,81,66,100,24,98,58.2
6.5,3146,1662,69.8,281,62,0,54,21,78,43.0
7.3,7944,2007,69.6,130,20,36,64,31,46,60.1
8.8,8145,1946,66.7,316,50,8,85,25,117,57.6
6.2,11475,2544,89.7,468,32,6,38,23,162,44.3
8.2,8601,1464,72.1,549,0,14,39,26,185,48.8
6.3,11715,2253,88.8,410,68,0,176,18,129,50.3
8.5,6802,2146,74.8,249,65,55,79,26,80,55.1
6.7,7782,2326,77.0,356,46,28,117,28,119,50.8
4.9,5778,1865,80.4,244,92,62,54,25,79,39.4
5.9,7784,2607,60.6,319,19,42,73,27,112,56.4
6.8,10732,2262,57.1,362,75,34,51,26,136,60.3
6.5,10809,1806,80.5,135,31,13,135,25,46,57.8
5.5,9099,1856,76.9,392,62,26,90,19,135,45.0
5.1,4867,2049,87.0,351,74,45,65,18,116,34.6
7.8,4705,2387,58.0,210,29,28,101,20,65,64.2
3.8,7828,1934,85.2,61,35,20,53,18,24,46.0
7.5,6667,2411,75.3,325,59,35,27,20,98,48.5
5.4,10290,2184,72.8,384,24,64,126,17,132,51.7
9.3,9778,2720,57.7,260,66,39,71,19,77,70.9
4.2,9430,1994,73.2,261,52,62,95,14,93,46.9
4.1,6956,2180,76.2,367,59,0,69,23,113,40.6
6.2,8898,2507,71.3,223,31,38,96,20,79,57.5
8.1,9401,1905,64.7,382,30,32,10,20,140,54.3
9.6,7573,1877,67.6,267,15,12,48,18,85,58.2
8.1,7853,1794,68.6,327,57,39,10,25,104,50.1
7.0,9319,2405,63.0,340,20,55,147,29,112,62.0
5.5,5544,1694,81.8,487,42,37,86,18,167,38.0
5.8,6938,2300,67.1,333,69,4,67,25,98,50.0
5.9,6722,1955,73.4,191,97,47,46,22,60,49.4
6.3,11158,1957,67.0,236,58,64,125,23,88,59.5
6.5,7062,1538,69.1,236,52,39,151,22,79,53.7
7.1,8574,2164,68.8,362,17,34,93,23,115,54.5
6.0,10243,1938,72.2,293,38,18,89,23,94,50.7
7.0,6451,2124,71.1,299,39,45,91,20,106,50.8
7.3,10865,2128,71.8,443,60,26,59,20,156,53.9
5.4,11096,2805,86.2,405,42,128,74,18,139,47.0
5.2,2765,1879,70.2,266,102,63,10,20,94,39.1
8.2,9462,2376,50.0,507,63,41,39,22,159,66.2
7.0,11293,2079,64.4,571,68,47,95,20,188,58.7
6.6,7462,2404,82.8,199,63,32,70,29,71,50.6
4.9,9958,2135,84.3,236,25,47,128,23,81,47.6
7.8,4923,2821,64.2,170,36,50,32,22,57,62.4
6.8,4221,2179,70.6,469,38,15,123,19,146,50.1
8.7,7354,2235,51.7,197,80,29,56,25,67,69.7
7.1,5865,2616,65.8,240,75,43,55,27,63,57.0
6.5,9462,2074,68.2,587,58,45,55,21,195,51.7
6.0,9374,2561,82.0,414,56,29,50,18,136,46.3
8.9,13258,2617,66.0,268,67,25,105,13,79,69.9
8.1,10653,2005,60.9,296,13,50,58,24,98,60.5
7.1,6886,2481,61.4,88,53,49,10,28,19,64.9
8.0,8622,1864,76.6,292,13,24,92,26,94,51.6
7.2,9087,2273,71.0,328,44,0,94,28,96,55.0
4.4,9925,1970,72.8,171,73,50,75,23,68,51.7
8.0,2849,2176,77.7,327,26,57,82,19,90,46.2
7.7,7276,2439,76.7,546,83,50,78,24,185,51.8
5.4,11314,2594,73.7,477,68,79,108,28,143,53.8
7.6,9565,1383,61.5,489,51,55,138,18,162,57.9
5.7,8606,1894,88.4,265,50,42,33,18,92,38.5
6.2,7098,2674,80.1,253,26,12,155,17,84,53.8
7.0,8144,2200,71.7,370,21,33,136,25,122,54.7
6.9,8612,2188,63.2,236,28,30,69,20,70,59.1
6.7,6041,2547,77.3,385,36,41,92,28,123,49.0
4.7,9222,1342,71.5,417,59,4,132,22,142,44.9
6.9,8689,1851,78.2,563,27,49,107,22,181,48.2
9.0,7371,2546,71.0,142,40,20,103,23,60,67.6
7.2,7364,1611,66.7,426,70,43,124,27,146,52.8
6.6,5136,2212,78.3,242,16,23,20,25,99,44.6
7.7,11493,1478,66.9,482,17,32,44,12,151,53.4
7.0,9839,2011,80.9,344,45,12,74,24,92,47.6
6.3,9276,2594,71.2,318,52,14,122,21,104,56.0
8.0,9952,1548,75.5,415,50,47,151,21,129,54.0
7.1,1039,2088,93.2,418,81,58,107,18,142,36.8
7.3,13079,2510,65.5,256,28,34,60,25,87,63.9
6.5,1355,1897,63.3,313,18,66,77,29,113,46.3
6.7,10902,2314,74.4,229,1,60,51,24,79,55.4
7.8,8752,2835,74.4,319,43,41,58,31,94,56.0
6.1,5624,2454,68.5,413,59,10,51,22,138,49.0
9.8,8781,2274,63.6,486,60,41,102,18,169,65.3
6.0,9812,2761,69.4,81,45,44,97,22,35,67.6
6.0,7138,2251,63.6,438,41,48,122,16,146,55.0
8.1,11742,2153,71.4,392,54,26,89,19,128,58.8
6.8,4423,1830,73.5,159,55,17,64,23,67,50.8
7.6,5629,2497,62.5,110,25,0,100,16,34,67.8
8.8,5082,2915,60.5,303,65,38,128,20,108,65.7
7.3,4634,1452,68.8,291,65,33,105,24,107,47.9
7.2,8948,1905,71.1,307,11,65,134,19,112,54.6
6.1,12831,2170,64.0,484,38,10,91,26,169,58.6
5.7,10795,1893,71.3,119,23,34,23,11,45,55.9
4.8,7674,2479,88.4,166,46,8,114,20,54,47.7
5.9,12250,2416,80.9,136,33,76,112,23,51,59.8
6.2,11282,2341,72.5,440,54,26,148,19,144,56.9
5.8,6687,2842,85.1,385,21,1,49,17,136,43.2
6.5,7705,2313,72.9,320,60,36,90,16,96,50.8
6.2,9281,2011,72.3,239,108,40,88,21,79,53.1
7.9,6388,1797,72.2,276,57,19,71,17,86,50.6
5.1,5824,2367,80.1,254,82,34,23,19,70,41.2
8.1,10492,1807,80.5,375,45,10,66,16,118,49.6
7.7,11119,2459,62.3,530,24,21,70,15,161,62.5
5.6,5746,2032,82.7,169,41,21,63,12,51,45.3
5.1,9482,1485,76.3,249,63,102,96,26,84,45.4
7.5,9438,2555,60.8,273,49,63,143,16,99,66.7
7.5,5520,2399,73.9,30,41,35,110,23,6,65.8
5.8,9373,2479,73.1,405,68,31,47,26,120,49.5
5.1,9897,1656,89.0,310,47,65,121,26,101,39.1
6.3,10025,2666,68.4,348,9,64,125,23,124,58.8
3.0,7705,2850,79.9,229,65,26,104,26,61,46.1
7.5,9278,1858,72.3,348,55,93,146,18,109,55.4
6.0,8960,2337,62.0,283,78,26,74,25,92,56.5
7.1,8684,2063,80.7,309,59,28,168,15,89,51.7
9.1,10843,2056,75.5,432,35,49,91,23,137,57.8
6.3,5862,2295,80.5,344,58,38,10,21,125,40.6
7.7,6157,1994,71.9,121,47,22,169,18,45,63.8
6.5,5572,2139,79.4,289,54,28,34,30,87,42.1
6.2,11116,2893,77.3,444,76,20,76,21,154,54.2
8.8,8402,1749,74.4,276,40,37,63,18,94,53.0
6.1,6767,2318,89.8,391,43,31,69,17,144,39.4
7.5,11862,3004,70.5,485,0,46,80,23,162,62.4
7.2,7807,2217,70.2,405,92,41,119,18,127,55.0
7.3,2562,2451,70.4,361,50,13,98,27,110,50.3
7.6,6694,1934,61.5,326,35,23,80,28,111,55.6
7.5,8696,1894,72.3,273,74,63,62,25,90,52.0
6.1,9438,1730,62.8,288,82,32,73,19,99,52.8
6.2,6608,2232,84.8,467,12,10,125,15,149,44.4
7.2,7286,2841,82.8,381,35,28,91,24,132,50.4
4.4,7101,2422,73.9,282,57,35,51,23,103,44.1
7.3,10136,2259,63.6,266,22,89,103,19,90,61.9
6.1,12033,2055,82.9,310,35,26,149,24,111,50.5
8.2,6439,2027,57.2,339,18,27,47,18,115,57.8
4.3,12222,1907,73.9,257,51,40,10,26,87,45.0
7.4,8902,1949,63.2,161,25,52,82,23,49,63.5
7.2,7990,2377,75.4,364,111,85,104,23,131,52.6
7.0,7615,3051,76.0,251,93,29,143,28,79,60.0
8.5,5788,2502,70.0,227,22,30,49,23,77,58.2
6.8,6096,2020,72.2,248,5,5,72,26,74,50.4
7.1,5691,1931,77.3,221,13,3,63,19,80,48.5
5.2,5423,1907,78.2,389,38,36,109,14,127,41.3
7.0,9433,3001,84.7,414,54,13,37,22,142,49.3
6.5,14036,2519,81.9,387,16,0,137,18,118,56.2
6.4,6339,2344,67.8,328,43,17,103,25,101,52.7
4.7,7616,2601,76.3,148,44,4,30,22,43,51.0
9.0,11031,2447,64.6,362,19,33,69,20,122,64.5
5.6,5652,1440,69.0,537,84,3,86,20,180,43.0
6.4,4593,1836,82.8,278,58,25,51,30,90,38.9
4.9,3143,2604,85.0,108,61,47,51,32,30,45.6
4.9,8522,2961,76.4,387,111,30,53,28,118,48.0
4.9,6656,2669,82.2,87,23,33,52,28,34,52.2
8.8,4810,2185,63.4,186,73,5,10,17,53,59.5
4.7,6546,2383,86.7,270,92,50,116,22,93,41.6
6.1,10695,1869,73.8,433,88,41,131,25,132,51.7
6.3,7197,2353,58.6,320,66,32,11,21,106,53.2
5.8,10589,2292,65.6,228,6,40,85,25,86,59.0
5.7,9506,2204,86.5,231,58,31,67,12,80,45.4
6.2,8720,2438,73.3,170,36,46,66,24,57,57.1
5.2,8266,2258,80.8,237,56,53,44,15,87,44.8
8.0,10112,1207,68.1,274,76,25,65,28,86,52.8
8.8,9080,1989,55.5,308,59,24,170,16,96,68.8
8.4,8810,1964,59.5,375,22,21,110,17,127,62.4
4.3,3046,2148,89.2,323,15,17,77,15,104,30.9
4.2,7443,2309,89.1,158,30,13,24,26,46,40.6
4.8,4101,2348,68.2,57,48,34,61,15,8,56.2
7.5,5365,2126,80.5,224,84,27,79,25,66,49.3
6.1,11000,2160,71.1,545,57,34,46,15,188,51.0
9.9,7855,1376,65.4,260,47,45,88,24,93,59.6
6.8,12738,2573,73.0,321,45,42,74,27,127,57.5
8.2,10228,2261,74.2,131,45,67,112,22,52,66.2
8.2,6419,2140,75.6,233,71,36,49,24,80,52.8
5.5,7162,2095,74.1,376,24,29,99,20,132,46.4
5.7,10011,1680,85.3,364,79,37,103,20,112,41.9
8.8,9739,2890,78.3,302,69,51,91,19,105,59.5
4.6,10869,1973,83.0,348,43,86,70,21,115,41.2
6.6,2373,1643,65.7,456,118,43,106,25,170,46.2
7.7,4024,2137,74.3,320,76,40,56,26,116,46.8
7.4,6634,2211,67.6,499,45,61,10,25,173,50.2
6.3,10069,2594,72.2,346,69,23,65,15,107,53.5
6.2,10413,2149,67.8,223,42,33,81,26,101,57.9
5.2,608,2110,89.7,206,31,43,47,12,67,33.4
5.6,5895,1931,76.3,259,38,15,76,36,81,44.2
8.9,9781,1676,77.9,286,50,1,10,26,102,49.4
7.1,5513,1735,78.5,417,8,50,105,22,127,44.5
6.0,9039,2393,69.6,453,15,11,104,27,143,53.8
7.6,9544,2359,65.0,273,60,59,79,25,84,60.5
6.2,6969,2537,74.0,358,40,26,131,27,121,52.2
5.4,8520,2140,77.5,327,99,31,43,21,111,43.2
6.0,7963,2729,72.5,279,67,0,112,25,88,54.8
5.0,9702,1876,87.8,348,61,45,96,27,114,39.2
8.9,7728,2046,68.1,371,62,47,63,29,99,56.3
7.6,3422,2163,73.3,551,45,48,74,25,182,47.5
7.6,9878,2159,62.6,505,68,55,77,38,169,59.4
6.1,8288,1911,61.4,457,49,0,91,18,160,53.9
6.7,9859,1852,80.8,273,58,4,85,23,90,48.0
6.2,6092,1377,67.5,170,44,2,25,25,62,48.7
5.0,7654,2748,76.9,355,80,25,113,23,116,48.8
8.0,7009,2205,69.4,86,30,13,116,17,45,67.0
7.8,10821,2073,71.5,289,0,44,85,24,96,56.9
7.3,10196,1922,68.1,359,38,34,119,18,120,56.9
6.8,12450,2232,66.8,175,88,46,46,19,51,63.0
5.6,8075,2144,72.8,336,71,48,146,24,119,50.9
7.2,5006,2805,58.5,402,80,0,46,23,137,58.0
5.5,5570,2029,80.7,291,53,56,120,30,106,42.7
5.7,10856,2090,81.0,310,53,25,88,25,99,46.6
5.5,11963,2467,80.6,389,35,58,95,27,131,50.1
6.0,4818,2432,77.0,507,36,0,131,25,181,47.3
5.8,7038,1778,85.1,328,51,49,105,15,125,40.0
7.7,5385,2386,80.2,382,51,37,50,19,136,46.5
5.5,13787,2623,85.8,265,48,73,102,23,93,52.2
6.8,9436,2705,73.1,384,58,39,165,26,118,59.3
7.6,6026,1769,70.1,387,39,58,155,24,126,53.3
8.4,5879,2188,69.4,360,60,0,121,26,103,56.3
7.3,12315,1818,66.8,508,83,35,99,27,173,58.0
4.3,10131,2500,82.4,269,101,15,49,17,88,43.7
6.5,8485,2254,74.9,305,32,26,97,22,107,50.7
7.7,7236,2620,77.9,472,81,33,77,28,155,52.2
5.5,7306,2387,88.4,265,70,16,58,23,82,40.9
8.5,4650,1881,70.5,399,80,50,73,25,129,50.6
8.5,6486,2228,73.9,522,100,57,50,17,186,51.7
7.5,7163,1937,71.5,398,88,11,174,18,143,55.3
8.0,8028,1824,76.0,355,19,41,65,22,118,49.3
8.4,8178,2020,75.7,282,52,0,112,16,106,54.9
6.9,10985,2267,84.6,441,30,59,80,22,155,48.5
7.9,6426,1861,54.8,181,56,37,29,22,56,62.5
5.3,12187,2242,82.7,128,102,33,77,24,37,55.0
7.7,8075,1727,68.6,194,68,76,83,20,57,57.9
7.3,9371,1534,75.8,306,53,43,141,18,100,51.0
10.0,11232,2824,68.0,162,31,104,76,21,60,74.9
6.3,9871,2057,68.7,569,42,8,39,25,185,50.6
8.5,10430,2129,55.2,203,78,10,35,28,60,68.3
8.0,6821,2072,72.5,411,30,56,122,19,149,54.2
6.7,7996,2378,70.9,217,88,29,55,28,76,55.4
4.4,10412,2256,86.2,300,71,63,84,24,99,41.2
6.3,10473,2511,73.8,311,21,10,12,26,86,49.9
6.7,8920,2298,79.9,172,87,65,147,29,63,58.2
8.0,10391,2192,72.5,303,17,33,42,26,91,54.5
7.2,6245,2553,61.2,474,10,36,117,20,159,59.7
6.8,10267,2069,73.5,283,66,4,124,16,100,55.1
7.9,10960,2181,70.4,331,74,64,165,27,119,61.8
7.8,8481,2111,68.0,341,43,47,39,23,106,53.6
8.1,8951,2679,74.3,348,31,50,83,26,124,57.2
5.7,2986,2317,69.9,90,45,0,198,17,31,61.6
8.1,12216,2223,82.1,395,58,30,56,21,135,52.5
8.5,9417,1437,57.5,368,53,34,77,19,113,59.4
10.0,10057,2325,52.8,309,32,2,111,21,90,73.2
7.4,9385,2445,76.4,465,19,53,118,27,170,55.4
8.2,9730,2520,86.6,433,41,58,157,22,157,55.0
7.4,9537,2129,66.8,350,25,0,59,25,101,55.4
7.6,12474,2427,74.8,245,61,34,60,23,88,59.4
8.2,15181,2359,78.0,275,79,57,87,17,88,61.5
4.7,11429,1489,78.1,289,35,78,148,21,104,46.0
7.2,11864,2592,68.3,374,73,56,56,20,112,59.0
7.2,7284,2142,82.6,300,90,10,68,26,98,45.3
6.0,7905,2282,78.7,332,32,12,58,17,114,45.2
4.8,9483,1981,84.0,159,59,42,72,16,38,47.0
6.2,9946,2444,65.3,402,50,53,60,21,123,55.4
7.2,9510,2326,75.9,447,22,35,96,19,146,53.3
6.5,5896,1615,82.1,257,50,23,70,18,75,41.5
7.2,7365,1960,76.4,248,39,55,122,26,81,52.6
5.6,7506,2696,81.5,224,36,62,80,15,72,49.8
7.0,9747,2479,86.0,529,44,27,10,18,180,44.6
7.2,7633,2084,76.8,398,37,35,143,26,137,52.0
5.2,7950,2088,88.0,296,83,52,113,27,94,40.2
5.0,7785,1889,85.3,228,0,25,128,23,82,44.0
7.8,10191,1908,66.0,178,27,58,69,18,49,62.8
7.0,11744,2270,75.1,397,48,24,163,20,124,58.4
5.5,6343,2774,82.2,269,29,60,110,31,69,47.7
6.3,10556,2089,56.9,355,67,18,110,26,116,60.8
7.4,6055,2210,73.3,468,57,94,10,26,166,46.7
5.6,10258,1944,86.9,179,46,34,73,20,59,47.2
8.8,5080,2166,60.2,225,52,51,106,26,67,64.1
7.5,12230,2319,62.6,363,49,67,92,25,103,63.3
7.9,7761,2864,73.1,275,24,33,58,17,76,57.2
7.0,9082,2610,63.8,281,66,44,10,23,90,56.9
7.6,8807,2610,80.3,400,20,38,88,25,130,52.7
9.6,12169,2041,61.2,390,52,89,93,21,134,67.3
6.2,6720,1879,80.7,259,56,78,139,26,96,47.2
6.3,8352,2200,67.8,235,39,18,106,31,81,56.9
9.5,8921,1987,81.5,292,36,10,88,19,92,53.7
8.5,11130,2045,86.2,436,36,49,85,27,150,50.8
6.6,6446,2296,83.3,105,9,39,87,24,39,54.1
5.8,2734,2424,71.2,287,95,76,62,20,104,44.9
6.3,5401,2621,74.7,376,68,46,63,24,118,47.6
9.4,10455,2379,50.0,227,55,36,88,22,79,76.4
6.9,8704,2252,83.7,135,32,12,131,25,49,57.4
8.2,8311,1915,70.4,172,47,24,112,17,55,62.0
7.1,6215,2623,71.9,342,38,18,101,28,103,53.8
7.2,8687,2473,65.1,290,91,27,22,22,97,55.6
7.6,9874,2051,79.2,73,3,27,119,21,18,63.8
6.6,8180,2497,78.4,241,14,26,96,26,87,53.3
6.5,12001,2239,75.0,453,10,36,180,18,150,58.1
8.9,10778,2596,70.9,293,69,50,84,21,97,62.6
6.5,8143,2116,89.9,369,32,60,109,25,120,42.7
7.5,10364,2129,64.3,289,63,55,100,27,94,60.3
8.2,8686,1644,59.3,398,49,0,79,25,146,58.4
7.5,9329,2039,65.1,371,75,5,81,22,128,56.9
7.8,7875,2782,80.2,302,73,27,62,27,89,52.0
4.7,8983,3134,82.2,194,54,7,105,19,64,54.0
7.1,4483,2356,66.5,353,73,46,30,22,106,49.6
8.5,6346,2027,72.8,134,22,35,194,15,58,66.3
9.7,11689,2104,60.8,359,0,38,77,13,130,67.1
8.3,7631,2183,70.4,405,60,67,61,21,148,54.3
7.1,5655,2084,76.4,241,48,27,74,19,66,49.5
7.6,12975,2476,66.4,161,30,7,120,22,44,71.5
7.7,7697,1718,56.2,419,44,30,110,26,132,59.8
4.2,9944,2211,83.5,301,5,0,81,15,92,40.9
5.3,7118,2841,76.5,279,32,31,65,22,85,48.4
7.0,10994,2565,68.1,322,85,0,40,23,100,56.8
6.7,8513,2916,75.9,244,71,36,80,28,79,56.6
6.3,3976,2154,80.0,113,72,63,97,26,41,51.8
7.3,14099,1976,54.6,233,41,49,10,30,82,65.8
7.5,6922,2311,72.5,303,65,43,120,27,109,54.2
4.8,7645,1933,78.6,303,87,48,103,25,103,42.1
5.0,5233,2020,76.0,89,75,17,70,15,32,50.9
6.3,3647,2126,80.4,268,69,0,83,24,99,42.6
7.5,11459,2629,56.5,498,0,5,48,18,172,65.2
6.5,9061,2529,50.9,306,66,50,87,20,104,64.5
6.1,3275,2380,62.8,405,44,60,10,28,119,46.9
8.7,7481,2236,73.7,369,25,68,122,16,135,56.8
7.7,9520,2818,67.2,223,66,3,74,22,60,64.6
6.6,10128,2354,72.3,226,52,65,10,19,69,53.7
9.1,6110,1879,80.2,348,62,3,125,16,97,51.4
6.9,7115,2261,76.7,235,34,46,64,18,93,51.1
8.0,6673,1871,78.0,438,15,50,60,27,140,47.0
5.5,7485,2018,76.8,263,99,18,65,21,88,45.1
5.0,9107,2684,61.8,400,22,55,60,14,119,54.8
5.8,10693,2308,74.9,346,36,0,106,16,116,51.7
7.5,9132,2240,64.9,357,72,10,76,19,128,57.7
6.6,9218,2293,67.7,227,85,16,65,18,68,57.6
6.6,7979,2174,77.4,430,56,52,69,25,143,47.2
7.1,5335,1461,55.0,580,73,51,131,17,196,55.9
7.0,8107,2460,67.4,188,63,41,55,18,53,60.0
8.4,7352,2435,65.3,413,27,40,78,22,143,59.2
6.1,6644,2264,80.9,300,21,67,42,20,92,42.1
5.0,8545,1959,95.8,204,75,26,132,19,68,44.1
8.9,4280,2823,50.4,173,66,24,56,18,56,72.5
6.2,7245,2033,76.2,197,119,31,143,26,74,54.1
8.4,6640,1922,66.2,212,29,10,179,25,72,64.4
7.3,6232,2236,74.0,161,51,51,110,21,35,58.4
8.7,10064,2448,88.8,432,53,4,55,22,144,49.9
6.0,8834,2374,64.8,299,15,31,43,29,100,52.9
7.9,9766,2401,65.4,350,37,58,129,21,120,62.8
6.4,9655,2616,84.9,162,63,29,93,24,49,55.6
5.9,5837,2303,79.8,444,62,9,81,28,135,43.7
9.0,11452,2671,73.4,236,34,43,102,26,66,66.5
5.8,7213,2376,73.1,456,46,53,44,25,149,46.7
5.8,11549,2172,84.4,354,99,47,73,16,130,45.4
5.3,7468,2046,85.1,185,49,48,43,23,61,43.4
6.2,5062,2687,78.2,344,34,17,96,25,113,47.4
7.0,5666,2431,88.8,296,102,90,108,20,100,44.0
6.6,11061,2087,76.4,184,58,61,126,29,68,59.0
7.3,9969,2049,75.5,172,29,18,56,21,53,57.0
4.7,6483,1843,76.2,399,76,41,123,20,139,42.4
6.7,9089,2795,77.3,445,24,41,12,21,156,49.7
4.9,11123,2369,81.5,175,28,39,38,32,63,50.1
6.2,12899,2715,80.7,313,37,46,107,15,112,54.8
6.5,8911,2938,77.5,123,28,35,104,23,55,63.0
6.8,9370,2857,76.8,401,31,50,98,15,132,54.9
7.3,8060,2059,68.9,309,22,57,18,23,99,50.1
5.2,8534,3217,84.0,140,53,45,124,14,35,57.9
6.2,10052,2470,76.8,246,19,20,94,31,84,54.4
9.8,5571,1796,62.1,235,16,64,89,24,77,62.5
6.7,10255,2290,67.6,197,61,34,111,26,71,62.6
6.5,7453,2241,81.0,414,44,40,64,23,136,45.0
4.3,6506,2353,87.8,199,50,25,130,24,57,44.1
7.0,6516,2308,72.0,502,44,67,93,18,166,51.5
4.7,13636,2421,69.6,404,105,21,97,16,120,55.1
3.6,12002,1957,95.2,260,50,32,113,18,85,40.3
7.4,6168,2315,82.5,574,45,98,14,24,186,43.0
7.4,9230,2055,91.0,256,59,0,64,25,95,45.4
4.7,9120,2272,64.9,134,58,14,67,25,55,58.7
5.0,13180,2144,76.9,419,74,62,55,25,139,47.8
5.8,7312,2059,70.8,197,54,38,93,19,50,53.5
9.3,2498,2467,51.7,450,61,49,66,21,141,63.1
7.2,8173,2380,73.0,134,69,2,116,21,44,63.0
7.5,7765,2352,73.3,198,77,30,92,24,58,58.8
8.4,9732,2049,68.2,236,39,32,53,24,76,59.8
8.8,10818,2406,54.7,369,13,35,91,24,136,69.4
7.0,11590,2191,78.0,242,9,37,40,24,76,53.1
7.4,11502,2058,62.3,235,63,0,33,29,78,61.1
6.8,10253,2553,81.9,379,55,32,71,14,128,50.2
4.2,11338,2489,89.2,441,17,72,103,27,139,42.4
7.2,4809,1200,75.6,265,50,28,105,30,82,44.2
6.1,7805,1452,72.5,180,39,12,106,30,57,51.8
3.0,8517,2750,86.1,474,30,20,59,20,159,37.4
5.8,9728,1763,71.7,282,4,65,58,13,101,47.7
6.2,6802,1740,80.6,350,40,0,10,17,107,37.8
8.0,6689,2150,81.3,243,59,51,23,23,81,47.9
6.6,7542,2292,84.6,254,95,44,149,23,60,50.2
5.8,9676,2030,76.7,243,16,15,84,22,80,50.1
5.1,500,1200,90.0,400,39,110,63,27,136,23.5
6.5,8449,2254,77.2,443,91,59,115,26,148,50.4
7.0,6549,2830,54.4,238,75,40,99,19,95,66.8
7.5,6179,1718,81.9,253,70,64,94,16,79,46.4
7.9,9396,2777,71.9,448,50,50,64,25,146,58.0
4.9,8888,2102,82.9,528,71,45,77,17,174,41.2
7.1,9052,2824,69.5,368,30,40,106,20,126,59.4
6.6,8957,2418,85.0,342,26,22,122,19,128,48.5
6.5,12280,2008,68.7,531,10,61,76,16,185,54.9
7.1,11681,2420,82.8,330,49,32,106,35,105,52.7
9.0,4738,2659,59.1,330,66,64,14,23,97,59.4
6.4,7181,1688,76.9,244,59,63,49,17,88,45.1
6.9,7502,2238,84.3,384,93,59,67,25,129,44.5
5.5,4397,2562,89.4,225,31,25,37,15,81,39.4
5.4,15856,2079,84.8,250,77,14,62,31,72,49.9
5.3,8778,1739,87.1,268,53,34,186,26,83,44.8
4.7,5300,2917,87.2,370,76,35,155,12,115,43.7
5.9,11381,1567,72.9,265,49,25,30,23,94,47.4
9.1,8860,2089,70.9,408,50,61,70,25,119,57.2
5.8,6449,2174,79.0,185,56,58,66,21,50,48.5
6.4,10381,2932,83.7,260,51,54,54,23,88,51.7
5.0,10974,1421,88.4,314,86,71,27,20,89,34.0
6.5,10367,2194,74.9,323,0,41,75,22,109,51.1
5.4,9978,1976,77.1,389,34,8,48,23,125,44.1
6.4,6592,1974,83.4,193,34,70,28,18,42,44.4
6.3,4064,2747,73.5,307,74,47,53,18,110,47.3
6.6,5252,1859,83.2,185,38,63,126,20,45,48.5
8.2,7215,1760,70.4,377,49,47,59,22,130,51.1
9.1,3817,1788,62.3,246,41,21,59,21,89,56.8
9.1,13366,2257,63.6,399,67,5,81,22,135,66.9
6.9,5812,2191,50.5,303,47,59,123,25,108,62.2
7.0,7988,2106,72.4,315,72,25,23,32,92,48.1
6.9,8868,2013,78.3,619,75,61,104,23,200,49.3
7.8,11474,2697,91.0,421,99,0,88,30,150,51.5
5.9,9818,1510,71.4,383,72,52,115,19,139,48.7
5.5,9031,2623,74.8,302,62,50,105,19,117,51.3
4.2,14808,1710,76.1,259,96,75,156,21,81,52.4
8.0,12844,2575,64.0,244,78,25,57,17,81,66.8
7.1,9566,2483,77.4,467,52,34,45,23,162,50.7
5.7,9282,2420,73.7,229,43,75,54,23,73,52.5
8.9,8142,2168,61.6,369,80,70,91,24,105,62.1
5.9,10462,2049,79.4,234,40,22,126,18,83,52.5
8.8,7498,2266,72.1,198,60,10,137,16,64,63.9
5.7,6500,2594,71.4,253,11,38,56,22,87,50.7
7.0,12262,2088,81.6,388,46,61,151,18,135,54.1
7.4,6435,2020,85.2,430,86,53,90,24,148,43.9
6.1,8403,2184,81.4,330,24,32,78,26,113,45.0
5.1,7453,2109,83.0,288,69,90,78,19,97,40.9
6.8,8318,2142,55.2,371,0,28,134,13,128,62.4
5.8,9044,2779,69.8,283,82,46,44,17,85,53.3
4.7,8516,1929,68.7,258,30,6,95,26,83,49.4
4.4,6134,2641,88.1,196,41,19,87,25,59,43.5
7.0,7397,2523,80.7,435,85,36,27,23,143,46.1
3.8,10266,1695,86.1,241,41,49,10,24,78,35.4
6.4,9103,1950,72.7,189,73,0,84,32,48,55.2
7.8,9567,2182,68.5,278,68,16,31,30,87,55.5
4.8,10941,2179,110.0,410,81,0,69,19,144,39.5
5.0,9956,2013,85.3,391,75,0,78,36,127,40.9
7.2,6882,2554,71.6,282,47,74,12,18,94,50.9
3.3,9377,2270,87.9,250,79,19,73,21,100,38.5
6.7,9311,2225,63.6,570,56,91,58,30,193,55.5
6.2,4215,2653,80.1,213,56,4,58,14,83,47.7
8.7,3984,1945,66.0,306,93,56,60,23,104,52.4
8.9,9701,1998,71.4,227,59,41,64,14,72,60.0
7.2,6980,2063,64.7,409,47,36,37,17,133,51.9
5.9,7253,1711,90.9,412,92,0,237,25,140,44.1
6.9,9238,2192,66.2,181,51,25,12,30,61,58.1
7.9,8540,2418,67.5,330,23,35,96,13,120,59.0
7.7,8346,1756,62.1,30,11,27,67,21,29,69.0
3.7,12539,1832,77.0,319,47,46,48,22,114,41.8
4.9,7824,2214,78.3,30,38,23,103,29,11,57.9
7.8,9203,2319,71.1,344,76,23,122,21,119,58.1
5.1,6910,2113,76.7,268,36,35,86,20,93,45.0
7.2,11295,2062,76.4,135,18,59,86,23,47,61.1
7.9,9408,2672,89.3,368,50,86,89,27,119,49.9
7.6,13255,1996,69.7,309,10,17,71,17,99,57.8
7.4,8886,2729,67.7,193,51,0,108,23,67,65.7
6.2,9335,2002,86.6,390,51,56,32,21,122,40.1
5.0,8392,2381,71.4,293,41,68,29,14,97,46.3
9.1,12746,1994,79.8,351,18,4,124,21,130,58.8
4.3,9495,2049,66.5,264,33,68,10,26,78,46.5
6.9,8279,1978,81.2,283,46,51,69,32,90,46.2
6.1,6086,2454,68.3,489,18,6,29,13,160,48.3
8.5,2544,2770,60.6,233,59,0,72,25,86,62.1
6.8,8747,2236,76.6,336,63,18,57,20,115,48.8
5.7,7681,1833,84.3,337,52,62,117,14,119,41.5
6.2,500,2419,81.0,163,31,22,149,16,63,49.3
7.9,7392,2716,64.7,338,44,37,35,14,132,58.0
8.2,5691,2505,76.4,110,87,0,46,15,21,59.8
7.6,13001,1715,64.4,545,65,56,60,27,206,58.1
6.9,8330,1986,71.2,471,46,26,72,15,166,50.6
5.5,11841,1914,72.8,65,67,59,115,26,40,63.2
5.8,9716,2220,75.3,436,0,7,39,23,142,47.0
7.4,11247,2401,67.5,311,113,0,69,20,105,58.8
8.1,14712,2590,71.1,123,20,57,70,26,33,72.3
4.9,10706,2340,68.6,86,57,54,62,21,16,61.4
4.6,17165,2730,85.0,295,27,19,104,19,98,52.9
6.5,10185,2847,70.4,499,23,96,70,30,163,56.9
7.1,11794,2702,64.3,584,76,41,14,21,192,59.3
7.0,7597,1964,81.2,335,47,32,26,27,105,42.6
7.5,4646,2444,86.4,180,54,46,75,26,63,49.6
6.1,1743,2392,80.2,521,58,47,153,19,176,43.9
8.4,10886,2863,70.7,189,65,63,101,20,64,69.3
8.8,7187,3298,64.6,260,63,20,119,16,80,69.5
7.5,7582,2068,60.9,382,72,38,78,27,120,57.2
6.1,7541,2283,80.2,458,4,32,81,24,153,45.5
3.2,6699,2251,72.0,163,30,40,90,22,46,48.4
5.9,12974,2636,79.9,298,27,76,82,26,101,52.9
7.0,6118,2175,59.3,378,76,31,88,13,117,56.3
7.6,9820,2461,72.8,30,69,31,124,25,19,71.9
6.3,9820,2233,85.3,78,66,35,83,23,20,56.7
6.7,4492,1692,77.0,103,27,32,76,27,46,51.4
9.0,10057,2214,75.9,332,20,31,145,39,115,60.1
5.4,5395,2296,89.7,372,8,45,100,19,117,37.7
4.6,8256,2319,80.4,445,59,37,10,26,151,39.0
3.7,7464,2589,97.8,340,12,41,47,15,123,34.5
8.0,8644,2083,67.7,584,69,50,27,25,189,53.8
5.0,10125,1861,71.0,376,33,57,101,25,121,48.5
6.3,6121,2729,67.1,461,37,60,133,23,156,56.4
7.9,6924,2071,78.1,415,43,59,112,30,146,50.5
8.8,4108,2300,65.6,333,19,49,74,19,110,55.8
6.9,5563,2256,70.0,493,73,6,150,16,167,53.8
5.5,10552,1700,83.5,380,22,18,92,23,137,42.3
7.2,7498,2746,59.8,230,43,25,116,19,71,66.5
5.4,10957,2338,98.8,324,75,31,96,34,99,43.3
6.7,5932,2451,64.6,261,2,18,36,19,96,53.8
5.0,6419,2679,84.0,207,16,15,64,22,74,45.8
5.7,11480,2189,81.2,218,37,1,100,23,60,52.3
9.7,9118,2447,63.7,375,49,26,94,21,137,65.9
8.2,4473,2299,78.3,134,64,37,74,12,50,56.6
5.9,6971,2517,82.8,333,53,28,63,22,114,43.6
6.2,10825,2112,74.5,238,61,27,104,17,78,55.1
7.7,8045,2793,75.8,180,59,41,120,27,55,63.2
6.3,11786,1844,57.6,289,64,49,91,27,98,59.8
8.4,5008,2724,65.7,317,16,41,144,27,114,61.7
4.8,11776,2753,84.2,545,37,44,128,17,174,49.5
6.7,5308,2351,68.6,177,46,53,62,20,58,56.1
5.8,9161,2217,76.1,337,54,22,111,23,119,49.4
7.1,11057,2721,71.1,356,42,63,194,26,127,64.3
7.0,8850,2571,59.5,288,44,22,48,28,90,59.9
6.8,10044,1950,80.8,473,37,26,104,21,158,48.6
7.4,11266,2434,73.0,330,49,0,12,21,106,53.4
7.2,9781,2154,63.1,405,107,22,110,21,136,59.5
5.3,7656,2391,92.8,224,52,2,117,12,76,44.9
6.7,7884,2451,75.6,151,22,64,78,21,51,57.8
6.7,6216,1960,75.9,277,74,56,69,26,101,46.2
6.7,5215,1747,73.0,275,6,20,80,18,92,46.2
9.7,12054,2037,80.3,258,57,24,32,25,73,57.0
6.8,10156,2677,81.0,334,51,0,67,17,105,51.2
8.9,12406,2285,61.6,245,90,14,76,21,103,69.2
4.3,10142,2686,64.6,248,56,48,112,31,76,57.8
6.0,7542,2858,81.3,474,87,66,10,19,162,44.6
6.5,5350,2287,73.6,184,50,32,87,18,72,53.6
8.8,7111,2412,64.7,460,60,37,46,24,167,58.5
4.0,10321,2535,81.0,403,35,37,82,25,135,44.0
8.1,6574,1528,55.4,437,40,22,161,22,152,61.2
7.5,12058,2015,72.6,437,65,41,60,22,145,54.6
7.5,7524,2225,69.5,286,80,27,26,16,89,51.8
6.5,5245,2623,70.8,218,6,50,16,16,72,51.8
7.0,7650,1731,73.5,263,102,33,85,21,82,49.9
6.7,9123,2504,86.3,299,61,0,130,18,111,49.3
5.9,13091,2056,73.6,159,42,47,14,20,67,56.1
8.0,8806,2431,80.1,349,62,38,109,26,118,53.7
6.9,6820,2108,74.6,250,36,23,53,22,76,49.6
5.8,12326,2148,87.4,322,69,34,79,20,99,44.9
7.3,11603,2069,71.5,277,67,11,134,21,102,59.4
6.5,8208,2110,67.4,411,53,8,68,19,131,51.8
6.2,4129,2666,92.4,364,27,25,99,26,108,40.6
4.6,6928,1877,88.4,226,51,42,55,17,83,36.9
6.1,10461,1752,87.1,310,55,45,69,20,107,41.2
6.1,11871,1824,80.7,39,72,6,77,17,5,59.5
7.2,8884,2054,72.9,247,36,35,70,16,81,53.9
6.3,8271,2196,83.0,333,41,7,10,23,118,41.2
10.0,7115,2298,68.7,185,82,37,84,18,66,66.5
4.8,10514,2198,75.4,392,93,30,104,20,128,48.2
5.2,5753,2017,82.2,144,51,39,86,9,41,46.8
6.1,7019,2925,73.0,337,81,17,115,24,106,54.1
7.3,12204,2450,61.9,282,50,67,92,21,96,64.7
6.4,11125,1970,74.4,431,21,83,24,28,150,47.9
6.0,12510,2234,71.2,233,34,29,64,12,81,56.9
5.2,6739,2615,95.1,279,33,17,41,15,83,38.7
7.4,5121,2046,63.5,459,41,7,10,20,158,49.5
10.0,12497,2160,60.5,461,41,3,121,21,141,71.3
5.4,10491,2087,73.2,72,103,60,195,24,36,66.2
7.5,11272,2638,77.6,123,32,22,53,19,54,63.7
8.8,10529,2385,69.5,468,25,1,88,30,155,61.6
7.0,13510,2008,88.3,440,80,6,43,19,141,46.0
7.2,10412,2988,84.4,397,10,4,89,18,136,53.7
6.7,9065,1890,74.8,287,57,67,129,29,91,51.8
9.1,9377,2231,58.0,297,49,70,100,20,91,66.8
7.8,9126,2660,73.5,124,41,29,120,23,27,67.7
8.3,12762,2197,71.0,248,29,26,139,24,93,65.7
6.6,11891,2124,62.2,407,23,0,149,21,142,62.6
7.7,12789,2391,69.3,286,65,0,93,22,91,62.0
6.7,3094,2296,75.5,411,78,12,46,24,140,43.2
7.8,7877,1949,70.9,426,34,50,54,22,138,51.3
6.3,6093,2487,67.4,415,46,94,74,26,136,51.7
8.3,13573,1951,68.9,354,22,53,69,27,114,60.1
7.5,6551,1754,70.5,268,52,31,24,18,95,48.4
6.2,10185,2312,79.3,328,36,39,79,20,106,48.9
7.9,13931,1940,62.9,181,55,38,85,18,54,69.2
6.4,9461,2259,84.2,105,47,26,44,26,27,53.8
5.2,7580,2383,82.4,324,19,31,78,17,97,42.6
6.4,9127,2314,64.1,229,53,0,33,29,78,57.3
6.4,4910,3344,76.8,218,48,16,90,23,61,56.3
5.3,4525,2764,78.5,280,35,24,47,19,103,43.4
7.4,10064,2448,71.0,405,71,7,93,21,138,57.5
7.3,1976,2428,60.2,440,47,40,104,28,124,55.0
6.8,8379,2539,71.1,188,60,48,112,17,58,61.2
7.9,8190,2256,65.3,536,94,67,151,17,170,61.3
6.3,13847,2225,71.4,349,97,24,99,22,98,57.2
4.9,9979,2239,86.7,366,19,0,78,23,129,41.2
6.0,7784,2092,70.8,182,68,75,117,22,65,56.6
5.7,11096,2967,94.4,294,45,10,17,18,106,44.3
6.3,9045,1906,94.8,288,58,86,63,19,97,40.0
6.9,5597,2597,76.1,89,79,73,61,20,39,59.0
9.4,9340,2544,55.4,295,68,26,49,26,102,68.1
4.8,8963,2503,69.3,396,47,27,71,27,140,49.9
8.0,8774,2282,73.9,237,76,4,164,22,84,61.7
5.5,9759,1950,75.7,210,38,0,71,26,76,50.4
7.4,11426,2422,66.0,428,56,48,100,23,148,61.5
6.0,9534,2422,76.2,324,68,31,47,32,104,48.2
7.1,5092,3091,62.3,292,69,63,50,17,83,58.1
8.9,4452,2494,86.3,320,8,66,43,23,111,45.7
4.9,7513,2368,84.0,369,30,0,50,29,119,39.4
7.2,7325,2274,85.5,405,31,36,140,24,125,48.2
7.3,9502,2130,79.9,420,44,88,64,28,139,48.7
8.1,12121,2360,75.7,352,68,9,50,16,115,56.2
6.9,12761,2484,66.2,456,56,64,98,24,156,61.7
10.0,6789,2002,50.0,81,72,43,84,22,34,78.9
8.3,3751,2103,77.3,431,95,42,148,25,146,51.0
7.6,8684,1959,71.3,276,51,33,94,25,89,54.8
7.3,11488,2437,89.8,161,56,3,137,21,36,58.2
7.6,7343,2660,67.9,427,83,0,33,16,138,55.0
7.0,8668,1319,73.3,306,25,18,76,15,102,46.2
7.0,8065,2152,70.4,413,62,6,109,17,152,53.7
4.8,12792,2894,90.2,271,51,47,53,19,79,46.3
7.6,14733,2527,52.0,344,13,87,84,20,98,72.0
7.5,10309,2402,74.5,282,74,72,33,26,98,53.9
7.3,10371,1848,67.0,304,82,22,78,30,101,55.0
7.3,4742,2573,72.7,232,73,64,21,21,70,51.5
7.8,7369,2242,83.1,159,31,56,49,23,58,53.3
7.4,10891,2532,63.2,177,105,40,29,16,49,65.6
6.9,9599,3052,64.5,328,75,77,71,20,128,61.5
7.2,9884,1806,87.4,235,68,0,101,22,86,48.4
8.4,3889,2772,66.0,366,73,18,25,24,129,54.8
8.7,2757,2162,63.6,284,65,55,99,16,96,56.4
5.5,13782,2699,73.3,244,43,43,56,24,83,57.7
6.3,8098,2056,62.1,510,62,18,10,27,166,50.6
8.0,3997,1919,82.4,227,67,0,110,23,79,48.6
7.5,8169,2526,83.0,321,52,0,95,18,109,50.4
6.0,4628,1680,62.2,509,32,31,65,25,180,46.8
6.9,5391,1993,70.6,412,55,53,114,22,136,50.0
7.8,6492,1994,58.0,338,74,67,164,27,114,62.2
9.3,4625,2024,72.6,218,50,9,84,14,63,57.0
9.9,500,2478,69.2,56,78,28,127,22,26,69.0
4.4,10550,2445,72.7,30,43,11,15,14,10,59.2
7.9,6921,2221,66.7,254,49,46,96,18,87,58.8
6.0,11066,1988,86.9,507,7,50,99,19,174,44.5
8.3,8600,2199,68.0,208,61,13,98,24,72,63.1
5.0,3582,1807,74.0,178,0,1,24,27,55,42.2
5.9,8420,1804,84.0,271,52,79,58,24,99,41.3
6.6,12318,1998,74.9,316,58,36,93,24,108,52.9
7.7,8231,1739,81.3,334,51,37,77,25,110,46.1
6.3,6545,2294,82.7,439,17,5,66,32,151,43.0
5.9,4606,2453,81.7,195,71,31,106,19,68,48.7
4.6,6939,2249,73.2,453,90,17,52,20,147,42.9
5.9,5360,1856,86.9,378,101,20,64,26,134,36.1
7.7,7211,2084,71.0,229,51,11,103,21,84,57.1
8.7,2600,2567,68.4,190,44,64,125,25,44,62.4
5.4,5214,2655,65.7,141,19,17,92,27,37,59.5
5.6,10111,1821,71.9,440,62,56,144,20,135,51.2
5.8,8891,2399,69.1,263,88,4,143,30,75,57.3
6.6,7600,1956,78.2,263,47,70,151,22,96,51.3
7.1,5074,2659,80.1,329,72,39,40,27,102,45.6
6.4,12936,2678,72.6,167,0,51,76,23,63,64.2
4.7,14374,1372,80.9,482,26,0,85,26,164,43.3
4.2,5151,1915,81.0,340,64,51,40,24,115,33.5
6.2,10828,2390,89.7,336,12,90,72,21,107,44.3
7.5,5299,1464,52.9,289,30,39,52,26,89,54.5
6.8,9940,2758,64.9,135,33,99,10,22,38,64.8
9.0,1984,2381,64.7,427,64,0,38,21,147,53.3
4.8,6834,1697,82.1,572,54,11,81,24,193,37.1
6.9,9014,2588,69.2,198,36,45,148,23,42,64.8
8.6,9550,2591,55.1,189,37,11,28,23,73,71.0
6.4,5746,2441,80.1,198,24,89,129,27,63,53.0
5.1,10094,2390,92.1,212,51,8,80,25,71,45.7
3.3,8269,2534,71.6,475,62,54,75,16,164,44.6
6.4,4536,1846,78.0,178,70,17,46,23,49,46.0
6.1,5447,2294,84.7,583,93,0,62,16,182,40.3
6.0,12938,1944,79.8,525,64,31,70,12,167,48.1
7.2,8995,2617,80.9,397,24,26,109,23,141,52.7
9.2,7320,2212,63.5,372,64,45,74,19,124,60.4
5.0,4397,1428,71.9,406,15,56,152,21,144,42.1
5.6,6952,1684,87.8,236,46,17,34,23,58,36.9
6.6,9027,2194,77.2,163,53,56,139,20,52,58.9
7.7,9544,2010,72.3,316,70,36,51,18,95,52.4
6.3,8838,2024,77.0,139,68,14,55,21,54,54.0
7.6,6657,1936,59.7,212,45,18,97,18,67,61.5
4.9,3356,1908,74.0,394,50,36,33,27,122,36.8
6.9,8242,2330,74.9,351,73,46,143,18,114,54.1
6.8,8396,2462,87.5,470,22,32,75,20,142,45.1
8.8,6131,2292,58.9,266,79,29,85,17,89,63.5
8.3,7923,2432,63.4,514,62,16,81,21,161,60.6
6.9,8768,2222,77.8,222,3,37,118,25,64,55.4
5.6,9383,1659,58.1,410,58,41,47,15,136,51.6
3.8,10707,2724,81.1,321,78,83,32,18,89,42.5
5.6,1879,2701,67.3,434,101,11,88,24,141,48.0
9.6,9741,2418,82.3,214,37,67,75,16,66,60.3
4.4,4116,1768,87.0,408,64,53,64,19,146,30.5
5.6,5655,1684,69.8,358,65,32,118,15,124,45.8
7.0,11425,1942,73.7,199,65,82,66,31,59,57.0
8.4,5152,2952,60.9,573,46,32,24,24,184,59.7
5.1,10873,2330,70.3,287,49,41,199,30,98,58.2
7.4,6891,2207,61.5,404,42,26,50,21,134,55.4
5.8,12558,2244,71.0,377,57,52,104,17,136,55.2
5.2,4796,2064,81.5,156,64,35,75,24,53,45.5
6.0,8256,2179,85.5,420,30,12,10,27,141,39.2
6.7,879,2233,65.2,160,62,45,49,22,58,53.0
5.2,8749,1998,71.1,253,61,75,72,19,96,49.1
8.3,4014,1776,87.3,343,52,20,10,27,115,37.2
8.7,7809,2238,69.0,309,34,57,36,14,109,55.2
5.9,6126,1931,74.0,378,23,20,55,20,125,43.2
7.8,13369,2578,63.9,30,10,45,67,22,5,78.3
4.8,7265,2372,74.3,132,18,48,131,21,49,56.4
6.6,13009,2163,74.7,384,17,66,70,31,122,53.5
7.9,5780,1949,79.5,283,66,15,56,21,84,46.1
7.7,500,2438,61.9,346,0,30,116,36,112,54.3
7.0,10550,2452,71.1,355,54,21,46,21,122,54.5
8.4,5196,2040,83.2,186,18,53,152,23,61,55.0
5.8,11507,2325,64.2,148,68,51,50,16,59,63.1
6.9,8112,1899,83.4,397,91,40,64,17,139,43.3
6.9,10118,2257,90.2,220,59,33,70,16,92,48.3
7.3,10908,1913,72.3,332,72,57,104,16,109,54.8
7.6,14489,2028,81.8,293,63,4,115,20,102,55.8
5.1,11373,2502,63.3,171,15,38,93,17,69,63.6
7.7,9016,2613,68.8,247,69,61,59,29,70,60.1
5.2,10841,1712,86.9,429,62,1,33,21,154,37.4
8.0,10550,2146,58.5,330,62,25,94,19,97,63.9
9.1,9855,2437,77.2,268,53,24,102,33,100,60.2
6.1,13970,1834,95.7,357,36,25,115,22,121,46.1
5.6,7887,2061,71.4,474,57,79,27,24,156,44.8
9.0,8912,2391,73.1,306,78,0,81,25,93,58.2
6.7,6935,2011,81.6,563,31,24,31,25,177,41.5
5.1,15967,1734,91.7,348,47,49,86,21,113,43.3
5.6,7657,2082,68.0,274,42,55,57,15,87,49.3
5.7,9455,2126,71.7,354,54,62,52,24,112,48.1
8.4,5914,2744,74.1,581,69,0,132,22,190,57.9
5.5,7380,3024,78.3,474,54,65,125,17,164,51.4
3.8,11246,2317,97.3,140,86,63,88,21,59,47.0
6.7,8152,2233,71.3,129,39,16,56,18,39,59.1
7.2,11688,1811,69.1,275,67,12,109,17,92,57.7
7.5,10723,1711,74.3,574,40,5,116,16,182,53.5
3.3,8217,2606,86.9,328,25,0,79,19,106,37.5
6.6,6103,1684,73.4,222,87,85,112,26,68,50.4
6.2,9306,2431,67.9,553,45,36,81,23,190,54.6
7.3,9309,3035,73.1,429,31,0,59,19,135,57.3
4.2,8543,1842,85.1,270,39,0,92,21,93,38.7
7.0,9314,1529,66.2,235,73,10,35,22,70,52.9
7.0,6605,2368,63.8,426,81,23,42,16,156,53.6
8.3,10288,2649,72.1,191,86,53,15,17,69,62.0
7.3,9647,1853,97.0,245,40,61,141,25,82,48.7
7.7,6438,2535,81.0,322,46,42,59,21,115,48.3
5.2,7219,2636,76.9,246,55,36,133,27,89,51.9
6.7,8352,2333,72.4,196,22,42,10,13,70,53.5
8.5,7243,2060,69.9,349,56,66,180,19,107,59.9
6.2,6404,2482,70.9,323,46,37,71,19,117,49.8
7.8,11306,2017,73.9,333,92,47,92,24,119,55.6
5.5,10909,2184,65.7,64,40,6,31,30,17,63.4
6.5,10140,2072,71.0,437,49,40,73,20,150,52.0
4.7,5331,2298,90.9,74,93,22,54,23,8,44.8
6.7,13500,2261,79.8,340,33,44,43,30,98,51.0
5.7,9358,2190,82.5,576,55,26,68,16,191,43.9
8.3,8162,2115,78.3,411,67,44,12,16,145,48.0
9.4,10744,2408,63.1,267,38,15,158,29,92,71.7
4.5,8185,1944,69.3,241,72,10,69,23,80,48.0
5.2,722,1916,80.2,289,44,14,127,29,97,37.0
8.0,9213,2597,73.9,441,49,16,196,29,148,62.7
5.8,11448,2525,90.6,375,6,42,52,22,119,43.7
6.7,9532,1957,68.5,306,54,54,94,19,107,53.5
8.8,3473,1935,65.8,426,31,38,99,33,146,54.0
8.8,10800,1955,77.1,146,28,38,30,23,63,60.1
5.1,9236,1553,85.9,231,70,38,114,24,82,42.5
9.3,9421,2530,54.4,241,61,62,134,18,99,75.3
7.7,4385,2326,80.4,435,23,9,63,24,141,45.5
8.1,7003,1885,83.7,333,17,41,98,31,120,46.6
5.9,5526,2447,72.2,598,2,39,85,24,213,48.1
5.8,10939,2509,86.0,400,81,57,72,15,123,46.1
4.5,9773,2182,85.9,217,0,15,121,22,63,46.4
5.2,6795,2358,71.8,417,58,75,52,28,140,45.6
7.7,6475,2350,60.7,218,17,32,65,28,77,61.8
7.4,7650,2194,75.2,251,75,5,24,25,99,50.4
7.8,9281,2210,79.5,290,73,22,61,27,92,50.8
7.1,10898,2328,70.0,340,30,53,119,25,96,58.5
6.8,6038,2272,64.4,327,35,30,75,27,111,53.2
5.9,9472,2045,59.1,326,47,17,55,20,109,54.6
6.4,7509,2006,75.8,183,35,69,10,22,64,49.0
8.0,548,2758,64.2,300,74,49,19,27,92,50.8
7.9,7061,2068,63.9,337,51,29,26,16,98,53.4
7.1,9585,1751,86.3,404,74,41,82,18,148,43.8
5.6,6297,2612,83.5,244,45,57,152,24,86,49.6
6.2,9442,2185,81.1,30,86,64,105,23,24,61.2
5.0,10384,2173,78.5,435,12,21,75,20,134,45.5
6.3,11615,2180,79.3,368,39,54,111,16,123,51.4
4.6,5630,2639,82.6,140,67,83,59,29,53,47.7
6.4,11673,1859,72.2,123,30,20,10,16,49,57.0
5.9,8589,2584,76.1,379,21,45,109,17,137,51.3
6.8,4257,2316,83.5,264,7,47,116,22,80,46.0
5.8,7848,2521,79.5,130,58,31,34,15,42,52.9
7.7,7700,2041,90.0,172,73,13,84,18,63,49.9
4.7,7044,3139,90.4,283,41,13,122,21,95,44.5
4.7,5157,2160,79.3,209,65,30,25,24,52,41.0
6.4,9143,2178,76.4,240,98,15,129,22,85,54.6
7.1,8334,1881,72.8,309,73,0,115,15,106,51.8
6.3,7013,2155,86.6,426,70,4,131,19,138,43.9
6.4,5920,1899,65.6,369,39,22,162,17,124,53.6
6.9,3555,2957,72.3,327,40,30,46,19,92,49.8
7.4,12677,1570,77.4,470,59,20,113,14,170,52.7
6.2,7779,1387,79.7,187,49,12,30,16,62,44.0
7.0,10643,2004,84.9,293,62,60,56,31,91,46.0
8.1,11513,2328,66.6,228,0,8,157,17,90,68.8
5.0,11303,2674,66.5,284,35,36,110,24,81,57.9
8.4,10311,2247,72.8,295,78,65,55,21,94,56.5
8.3,9105,2083,70.7,223,3,38,44,26,84,58.1
5.7,3907,2202,80.6,255,31,91,79,19,77,42.3
7.5,12756,2470,68.6,381,44,47,49,26,121,59.4
4.8,5418,1790,84.7,287,4,29,10,24,96,32.0
7.2,12529,2544,70.6,30,65,23,75,20,14,72.7
8.6,7704,1547,73.8,384,60,52,28,20,127,47.9
5.4,11165,2114,76.7,365,0,50,59,17,124,47.0
5.8,10802,2165,89.3,147,42,48,150,20,49,53.8
7.3,9475,1700,58.1,482,44,18,61,22,160,56.9
6.3,9460,2211,60.8,270,66,28,22,14,89,55.8
7.0,8017,2046,78.2,421,68,0,106,25,139,49.1
10.0,8623,2284,52.3,305,70,33,86,18,99,70.4
6.3,8604,2300,76.6,242,76,44,120,23,64,53.7
4.8,8940,2330,75.9,347,55,18,80,30,130,45.9
5.9,8141,2022,87.0,237,88,25,81,26,69,43.9
7.0,4905,2253,73.4,282,65,27,92,24,89,49.9
5.1,7370,2624,74.5,111,49,43,130,19,46,59.6
5.9,9652,2478,89.8,264,93,6,36,21,103,43.0
8.3,8140,2306,74.1,152,31,21,122,19,59,64.3
8.9,8526,1861,58.3,299,53,3,87,15,104,62.3
6.3,6861,1292,59.8,360,55,28,112,20,122,51.0
6.3,10047,1504,85.6,306,63,43,31,20,99,38.6
5.2,10186,2423,81.1,411,38,48,48,23,142,44.6
7.1,2210,1919,79.5,537,34,50,14,29,187,37.5
9.9,4289,1752,73.7,287,79,23,53,24,103,51.0
6.3,8010,1970,79.8,309,21,60,72,26,111,44.3
6.4,9856,2152,77.4,221,81,81,28,28,69,50.3
7.4,9308,2229,70.8,73,48,29,52,25,24,64.9
6.2,8124,1943,78.8,316,56,37,92,24,90,45.5
6.2,10748,2520,72.7,382,37,29,120,26,137,56.1
8.6,10136,2123,78.9,302,45,26,76,25,100,53.7
5.1,7964,2111,84.3,202,75,19,85,22,53,45.4
5.4,8122,1876,89.7,184,39,48,71,29,63,42.4
7.6,4967,2882,73.8,148,6,64,54,29,58,59.7
6.6,8771,2142,74.9,287,51,2,66,23,95,49.7
5.4,10016,2390,77.1,180,31,50,68,32,63,53.7
7.2,6552,2260,86.2,439,27,14,107,22,142,45.4
6.4,8604,2635,65.5,391,33,45,117,21,122,58.5
7.0,9408,1903,58.2,426,104,44,81,22,145,58.3
6.4,10852,2383,73.2,453,45,47,52,20,144,52.3
