screen_time,notifications,unlock_count,sleep_hours,steps,heart_rate,social_usage,gaming_usage,stress_level
314,15,95,7.3,7760,70.7,52,10,Medium
195,17,72,6.5,9618,79.1,60,39,Medium
164,20,71,5.6,1143,79.2,66,62,High
166,20,65,5.5,8328,86.3,3,61,High
320,15,117,5.9,7159,86.4,66,49,High
148,15,39,7.4,8178,66.3,21,57,Low
335,16,107,8.1,5105,80.3,25,42,High
458,25,162,5.7,7543,90.6,41,20,High
447,16,139,7.5,8459,83.3,55,82,High
120,15,35,7.4,7108,83.8,19,20,Low
145,22,49,9.2,9492,75.7,33,87,Low
328,15,113,9.8,8160,82.4,51,59,High
173,25,55,8.3,9592,75.1,55,32,Medium
342,13,114,7.8,10441,84.8,54,1,High
109,16,37,7.6,10641,72.1,64,50,Low
273,20,89,6.1,7044,84.5,68,39,High
374,20,120,5.6,7007,91.6,47,76,High
125,20,40,5.1,12011,80.0,44,9,Medium
268,21,85,7.2,5705,79.1,29,72,High
267,17,96,6.1,6949,72.7,33,84,High
341,17,115,8.0,7597,86.9,18,18,High
213,15,70,5.7,5857,93.8,73,62,High
137,19,43,7.3,8282,65.8,44,82,Low
30,22,18,6.1,11037,87.5,60,81,Low
413,13,134,5.3,3218,96.6,99,72,High
363,7,126,6.0,6709,87.7,90,92,High
278,18,102,6.2,8298,85.2,67,42,High
275,25,95,7.0,11911,84.2,37,39,High
323,20,94,6.3,4265,72.8,61,87,High
377,16,122,5.9,10172,104.4,45,0,High
78,20,19,6.0,7591,62.1,26,31,Low
102,24,24,3.0,8406,80.3,27,16,Medium
87,16,37,6.5,11069,86.1,62,41,Low
245,15,84,7.0,7670,86.1,60,53,High
298,23,78,6.5,7918,95.6,69,58,High
381,22,126,7.2,8337,81.5,40,42,High
30,22,5,8.2,8503,62.6,36,45,Low
146,18,56,8.3,5278,72.4,23,69,Low
293,19,92,8.2,8404,82.0,12,23,High
305,19,104,6.3,9085,77.5,28,30,High
260,22,89,5.9,3965,75.1,32,13,High
167,18,49,6.3,10160,80.3,22,40,Medium
210,26,61,7.7,10287,69.5,35,0,Medium
266,21,104,7.4,8632,76.4,83,79,High
108,18,39,6.1,4638,74.9,31,64,Low
195,25,65,8.3,6377,77.4,8,11,Medium
142,21,56,5.7,2185,78.6,48,77,High
330,21,124,6.4,7105,79.0,58,32,High
189,21,74,7.3,5716,82.4,27,19,Medium
149,21,38,8.0,7830,64.1,60,51,Low
228,18,76,8.4,10503,65.8,81,0,Low
355,19,116,7.4,6744,82.4,40,30,High
278,23,107,5.5,9027,78.5,60,51,High
390,18,135,8.3,7781,87.1,63,93,High
375,26,114,5.7,5740,78.1,53,2,High
205,18,53,6.4,11522,79.4,63,4,Medium
293,27,110,5.8,10068,77.7,56,33,High
390,21,129,6.9,5228,93.9,26,30,High
232,25,76,5.8,9121,75.1,0,64,High
304,16,98,7.6,7481,93.2,49,86,High
190,19,56,7.5,9281,76.5,40,71,Medium
257,16,86,7.9,4647,74.1,12,27,Medium
254,17,91,7.3,7129,61.0,41,84,Medium
343,17,114,7.3,8884,93.1,42,38,High
242,31,88,5.8,5280,87.6,51,56,High
302,19,106,6.2,8647,73.5,67,53,High
318,23,113,6.9,7162,76.7,29,53,High
201,20,68,7.0,8109,64.9,4,66,Low
240,22,78,6.6,10548,74.2,37,64,High
326,23,99,7.7,14766,76.9,61,62,High
464,19,162,9.8,8194,85.3,72,24,High
154,15,53,7.5,7529,95.1,33,14,Medium
333,17,108,6.2,12827,88.1,57,62,High
401,22,124,7.9,10833,65.8,23,50,High
290,20,106,6.3,12440,101.4,45,66,High
190,20,63,7.4,8595,61.9,0,26,Low
275,19,106,7.6,10041,84.1,38,62,High
183,20,44,7.3,8120,77.1,51,31,Medium
230,21,79,6.3,8141,91.3,36,29,High
319,16,95,7.1,8276,74.0,17,75,High
274,19,85,6.4,9041,90.2,47,73,High
300,16,97,6.4,8186,94.0,81,47,High
163,18,59,5.0,11471,88.5,28,30,High
219,22,75,6.9,9438,79.1,31,38,Medium
341,27,109,9.6,8503,78.6,40,44,High
113,12,32,4.0,8403,99.0,78,28,High
147,16,35,4.3,6937,83.9,18,50,Medium
249,21,78,7.1,5288,73.6,30,25,Medium
228,18,70,7.9,10502,69.8,59,87,Medium
357,18,128,5.4,10489,69.6,20,0,High
41,16,10,7.3,5232,81.2,28,21,Low
272,22,87,6.8,5286,80.2,80,63,High
417,11,140,6.3,9750,83.0,80,87,High
313,21,115,7.5,7199,74.9,57,22,High
127,19,52,5.8,5525,84.9,52,33,Medium
523,18,193,8.2,3988,74.3,33,54,High
225,24,63,4.7,6844,94.9,45,55,High
37,18,13,6.9,8326,72.1,30,44,Low
361,27,119,7.1,7293,71.5,75,63,High
199,21,51,6.8,4684,83.6,48,49,High
467,12,146,6.4,6529,78.9,42,49,High
352,21,124,7.8,9387,77.5,46,87,High
493,25,168,6.5,11957,93.3,32,35,High
175,22,62,5.2,8116,85.2,55,33,High
408,18,139,6.2,10582,86.3,41,31,High
199,24,52,7.1,9802,74.0,103,22,Medium
314,14,96,6.3,6547,84.3,36,37,High
297,16,94,6.6,10344,76.5,62,22,High
419,17,146,7.9,10810,82.9,82,54,High
361,17,121,6.3,6789,81.4,0,54,High
234,18,85,6.9,8044,77.6,36,47,High
389,24,145,6.8,6586,74.7,76,52,High
271,17,77,8.3,4857,78.4,0,64,Medium
349,20,115,7.1,10557,76.4,69,9,High
310,26,102,8.0,12006,67.6,52,48,High
259,20,79,6.1,7846,78.5,76,88,High
148,18,52,9.1,6663,75.1,39,24,Low
300,28,122,8.0,10669,80.7,50,115,High
212,18,63,9.0,10940,52.4,22,31,Low
157,19,57,7.2,5834,70.6,40,47,Low
363,17,112,6.3,8350,95.7,29,49,High
217,24,57,6.7,12948,89.5,33,0,High
99,18,28,7.3,12553,65.0,48,16,Low
280,22,95,7.2,5689,85.8,29,60,High
265,20,91,6.5,4521,69.8,0,33,High
274,17,105,7.0,8877,72.8,50,14,High
274,19,93,7.3,9782,69.7,49,76,High
179,23,59,6.0,9798,87.4,60,49,High
240,18,86,6.6,9362,80.8,45,36,High
384,17,129,8.6,8709,79.3,23,109,High
365,21,121,8.4,6938,59.9,76,10,High
245,21,80,6.0,6417,89.8,38,9,High
339,10,117,9.3,10010,84.8,26,28,Medium
289,13,100,6.0,6236,85.5,74,48,High
247,24,80,7.5,3831,92.9,79,54,High
405,18,146,8.6,8359,82.7,0,18,High
191,22,70,6.0,8714,96.1,26,0,High
311,14,111,5.6,12809,83.8,41,58,High
114,15,30,7.6,8083,76.5,51,27,Low
316,26,101,6.9,4684,75.2,58,40,High
214,21,83,6.6,11048,68.3,95,43,Medium
242,15,88,5.4,7876,78.8,23,69,High
251,16,72,8.6,7600,75.0,48,25,Medium
58,26,22,7.3,5091,63.9,16,88,Low
119,21,47,7.8,9273,74.0,50,36,Low
363,25,112,8.4,8390,58.3,78,0,High
290,15,104,4.9,8198,85.5,0,10,High
426,18,142,7.2,10344,83.7,16,8,High
143,21,59,5.2,10646,78.5,61,18,Medium
365,25,120,7.9,8801,75.2,61,48,High
326,19,97,8.6,9346,73.9,28,70,High
396,12,136,6.9,8867,79.2,61,0,High
269,22,80,6.9,12179,82.0,71,67,High
291,16,92,7.7,5733,63.5,56,82,Medium
192,25,49,7.6,5285,66.1,74,102,Medium
253,16,77,6.7,5028,71.9,51,53,Medium
231,21,87,7.8,9293,73.5,40,0,Medium
147,19,50,6.7,7716,92.5,51,0,Medium
294,19,96,7.4,5234,83.0,62,67,High
374,24,117,5.5,7516,73.8,13,43,High
398,19,134,8.4,13393,78.1,50,21,High
199,21,64,6.0,9068,77.8,42,0,Medium
276,20,111,7.4,11687,74.4,34,8,High
267,19,89,5.6,4741,78.9,22,56,High
427,19,146,6.5,8730,82.4,7,54,High
459,19,147,6.4,9281,71.3,35,69,High
150,19,49,7.6,9730,73.5,33,80,Low
329,16,113,8.8,7367,76.0,64,14,High
333,23,103,6.1,10466,77.9,68,68,High
260,17,91,5.9,9229,79.3,28,18,High
154,19,52,8.2,8220,62.5,28,36,Low
351,17,98,6.1,6929,81.2,34,18,High
402,19,140,9.8,4286,71.6,67,63,High
225,20,79,5.7,3208,82.1,32,23,High
400,25,135,7.9,6317,83.7,84,59,High
280,23,88,5.2,7614,94.6,48,54,High
422,23,160,5.8,6310,82.6,54,74,High
422,23,135,5.8,8861,85.3,36,58,High
278,23,68,6.3,10057,73.6,77,96,High
322,19,111,8.0,4873,72.6,54,21,High
210,20,68,7.0,9372,78.8,35,64,Medium
118,23,27,8.4,7933,76.9,19,52,Low
305,27,99,8.0,3691,75.4,59,17,High
133,19,43,5.8,10271,83.9,32,69,Medium
489,13,157,6.9,5661,73.6,41,66,High
394,13,132,8.5,14425,78.0,26,21,High
265,22,91,6.0,10919,76.4,27,0,High
547,21,181,7.7,7643,94.7,33,37,High
217,14,64,6.1,7995,96.3,44,19,High
241,20,84,5.9,4521,95.7,21,45,High
240,14,66,6.6,12392,72.9,40,40,Medium
274,22,94,5.7,5876,90.0,31,93,High
249,33,85,8.5,8104,53.1,43,18,Medium
326,26,106,3.6,6394,102.6,63,58,High
180,18,55,7.6,9152,74.8,49,0,Low
293,14,87,7.6,7947,62.8,33,11,Medium
226,22,70,6.5,6434,85.5,44,27,High
286,26,88,4.6,9160,86.6,57,15,High
172,15,49,7.5,11759,72.4,59,53,Low
194,19,54,6.5,8122,84.2,49,39,Medium
493,27,174,6.3,2522,94.8,81,65,High
188,14,68,8.4,8939,74.2,27,9,Low
332,18,130,8.8,4308,55.2,56,45,Medium
226,16,77,6.4,4576,83.1,44,18,High
178,20,65,6.1,4316,73.0,65,78,High
286,15,94,3.7,9765,96.8,45,9,High
193,16,76,5.1,4369,88.1,87,0,High
332,17,110,6.1,10468,81.8,47,22,High
268,18,96,8.3,10027,73.0,60,6,Medium
414,30,139,7.5,5842,65.3,41,44,High
149,16,64,8.3,9197,84.3,52,57,Low
308,18,98,7.8,10945,78.8,33,62,High
317,21,114,7.0,6544,81.8,54,0,High
180,19,59,7.1,11080,79.0,6,62,Medium
214,19,64,7.6,8422,60.6,34,47,Low
138,16,45,6.7,6276,85.0,31,61,Medium
124,21,23,7.4,10064,71.0,83,66,Low
268,17,96,7.4,6184,77.8,30,21,High
361,12,125,7.3,11464,74.5,35,13,High
267,19,104,6.3,5119,71.5,30,50,High
271,15,82,8.6,11273,67.9,53,69,Medium
150,16,44,8.6,8545,68.4,38,2,Low
70,14,13,5.5,9780,80.6,36,42,Low
314,24,107,4.6,7016,85.2,88,24,High
214,24,67,6.5,8979,78.8,48,24,High
100,21,26,6.0,1675,76.7,59,28,Medium
226,28,78,5.0,8546,74.7,53,60,High
305,20,110,6.5,4716,80.9,28,57,High
320,12,107,8.7,9870,72.5,33,13,Medium
300,14,96,7.5,6662,71.5,23,0,Medium
210,24,79,8.0,6639,81.0,20,72,High
339,22,111,8.6,5089,73.6,46,64,High
278,20,90,7.9,8460,78.2,47,77,High
192,19,68,6.8,5882,71.0,42,56,Medium
168,21,50,8.4,7868,65.6,53,80,Low
300,26,108,6.0,7182,80.9,42,0,High
367,19,114,5.2,5438,78.2,70,37,High
339,17,108,8.7,7028,58.6,35,19,Medium
296,18,89,8.8,6523,82.8,65,100,High
343,21,121,6.5,10425,77.6,60,4,High
517,23,183,6.4,10841,85.1,0,0,High
309,26,101,7.7,4701,79.2,15,21,High
296,19,102,5.7,8483,82.9,11,24,High
334,20,114,6.7,7299,72.2,51,29,High
355,23,120,7.3,5802,87.7,23,67,High
146,21,39,6.2,8364,75.9,66,84,Medium
298,17,93,8.3,9172,79.2,23,69,High
380,14,132,7.3,1345,91.5,49,114,High
455,23,161,6.8,10511,73.2,25,79,High
282,19,101,8.2,9777,81.4,56,21,High
235,22,78,7.2,7934,78.7,39,37,High
296,16,105,6.1,5805,76.1,36,64,High
216,18,59,8.5,9223,75.6,31,5,Low
437,24,129,7.0,6362,83.7,23,31,High
328,11,98,3.0,11174,91.6,52,60,High
275,19,114,7.3,10244,93.4,31,97,High
391,14,147,4.7,8048,94.1,93,41,High
165,19,42,9.5,5986,58.5,77,46,Low
73,16,22,7.4,9240,76.4,40,55,Low
322,18,103,7.4,9980,77.2,37,0,High
387,23,139,7.9,7164,69.1,41,29,High
266,13,93,4.9,9028,86.0,75,14,High
212,24,67,7.5,6799,79.4,87,63,High
184,14,65,5.8,3644,75.1,6,27,Medium
157,16,58,6.5,3842,67.9,72,76,Medium
347,24,100,7.5,8390,67.8,39,53,High
362,24,124,6.3,11808,73.3,29,35,High
372,16,123,4.7,5582,94.9,67,23,High
281,21,84,7.6,5988,80.6,47,19,High
164,14,50,7.9,8750,66.5,72,88,Low
209,23,71,5.7,8092,81.7,64,0,High
340,23,114,6.1,8714,74.1,52,37,High
176,22,57,6.8,9294,73.3,77,43,Medium
270,23,87,9.3,7954,64.9,42,0,Medium
178,26,59,9.1,8342,71.6,23,79,Low
210,27,57,8.3,5182,82.4,83,46,High
165,15,68,9.5,6954,58.6,40,62,Low
282,28,90,8.3,11155,67.8,48,62,High
134,15,48,7.3,9178,77.5,34,67,Low
204,18,80,5.7,8697,71.9,47,64,High
365,28,130,4.9,5818,82.3,51,64,High
385,18,130,6.4,5989,90.9,23,52,High
347,20,114,7.2,5314,89.8,23,70,High
422,27,140,9.8,3412,63.9,27,120,High
148,22,36,6.7,7327,71.4,42,14,Low
271,16,80,7.2,7026,84.0,54,55,High
288,10,97,7.4,8462,85.8,71,65,High
475,17,155,7.2,10589,80.1,94,0,High
256,22,73,9.1,6433,64.9,49,97,Medium
360,12,122,8.6,11122,78.9,36,60,High
449,21,155,7.0,9286,85.5,0,49,High
293,23,106,6.3,11554,82.2,50,29,High
233,22,81,6.3,5151,95.7,42,65,High
242,18,75,7.0,10932,80.3,38,6,Medium
109,25,41,6.1,6313,70.2,32,92,Medium
234,21,80,8.1,6011,77.4,32,71,Medium
138,20,38,6.2,7852,74.2,52,36,Medium
358,32,111,8.9,5878,72.0,58,83,High
124,18,48,7.8,9073,79.0,44,0,Low
319,18,108,5.4,10102,93.2,61,10,High
394,25,133,8.8,9234,50.9,71,42,High
353,22,118,5.4,7859,82.5,43,43,High
232,22,82,8.9,10948,66.6,69,54,Medium
356,23,114,7.9,9070,77.2,26,46,High
281,23,92,9.7,7637,61.5,51,78,Medium
234,17,84,4.0,7680,88.3,37,0,High
244,19,81,7.2,5789,77.2,55,0,High
324,15,102,7.0,5589,66.9,2,0,Medium
124,16,35,6.3,6862,77.8,69,1,Low
230,19,76,8.2,5368,81.3,44,41,Medium
317,21,85,6.6,5124,71.7,54,36,High
229,26,90,8.7,5707,72.5,29,50,Medium
151,21,48,5.9,10686,81.9,78,51,Medium
191,21,67,4.7,5978,72.3,52,49,High
297,16,104,6.1,10062,80.5,37,0,High
328,21,111,7.7,6399,76.9,3,34,High
388,18,118,8.2,8473,86.8,38,25,High
358,22,110,5.9,5965,82.7,0,78,High
357,22,107,7.6,8490,81.5,48,51,High
88,17,38,7.4,13693,68.3,57,97,Low
355,21,106,7.2,6255,82.4,59,11,High
228,11,70,9.1,7265,77.0,28,32,Low
136,18,55,6.7,5031,64.7,32,68,Low
336,25,102,5.9,10748,86.2,43,26,High
298,21,100,7.1,11147,83.7,34,52,High
368,16,128,6.8,5669,81.0,12,23,High
227,21,75,8.1,7607,76.0,33,76,Medium
279,13,94,7.0,9051,85.5,53,0,High
100,22,37,7.3,8167,63.8,36,98,Low
476,14,172,6.7,5687,87.9,40,64,High
146,17,41,4.3,5583,97.3,35,56,High
199,18,62,7.2,4920,73.6,92,53,Medium
177,22,64,8.4,10561,66.7,48,20,Low
301,19,98,7.7,9658,72.1,49,62,High
195,17,60,5.2,12170,87.5,34,26,High
388,20,137,6.6,5479,94.7,54,0,High
311,16,86,6.7,8748,98.0,47,44,High
131,15,52,7.7,8340,86.5,10,19,Low
358,21,132,7.2,8928,77.7,75,46,High
371,17,122,3.4,9524,89.0,43,41,High
207,23,58,5.8,15992,70.8,56,0,Medium
166,23,56,6.6,15895,82.6,32,89,Medium
320,23,110,6.2,8897,107.0,54,21,High
346,24,102,6.8,12037,83.5,58,73,High
180,21,60,6.4,5845,82.6,16,20,Medium
372,28,139,6.7,7751,82.2,55,41,High
223,22,84,7.9,6006,79.1,43,50,High
398,24,136,8.4,8630,71.4,24,0,High
122,25,43,6.8,9314,79.8,78,22,Medium
207,23,69,7.7,13748,72.9,26,49,Medium
259,23,87,7.5,5671,81.0,50,43,High
181,14,59,8.6,11315,70.9,20,42,Low
277,24,93,7.8,6966,80.5,23,68,High
245,21,68,9.5,6604,61.7,66,17,Low
259,13,69,7.8,7411,84.6,38,43,Medium
240,15,73,5.1,12951,94.3,74,0,High
151,11,58,8.6,3097,68.2,37,26,Low
278,21,97,8.1,9130,70.6,36,78,High
267,28,95,8.1,10815,64.9,30,41,Medium
179,22,60,5.4,5582,74.6,35,27,Medium
405,24,144,8.3,9332,73.7,57,16,High
311,27,114,8.2,6191,76.7,47,0,High
352,24,126,5.3,12907,89.4,39,69,High
199,21,60,7.9,4777,88.5,59,104,High
49,16,16,7.4,9448,69.5,56,28,Low
454,13,147,7.0,6919,78.2,39,0,High
297,16,110,6.9,7650,79.6,75,87,High
316,23,114,4.7,7277,82.1,14,13,High
312,12,107,6.9,10775,92.8,53,52,High
320,24,112,7.9,8487,91.0,43,56,High
174,15,60,6.0,4485,87.8,55,74,High
177,17,51,6.9,8953,85.3,47,33,Medium
177,24,67,6.4,8704,78.7,50,54,High
335,29,127,6.5,10630,88.1,9,30,High
159,23,56,4.8,8871,96.0,50,0,High
127,17,41,7.8,4229,70.8,66,28,Low
216,18,66,7.0,10972,89.7,33,51,High
253,14,82,6.0,10886,82.8,65,10,High
275,21,81,8.4,9340,73.0,38,43,Medium
231,20,69,8.0,8758,67.5,33,48,Medium
328,32,108,6.9,8968,82.7,34,80,High
397,13,134,8.5,10922,84.9,25,12,High
285,20,83,8.9,11438,54.0,46,47,Low
396,12,133,5.9,9367,89.2,33,7,High
335,24,124,5.7,9623,91.9,34,0,High
184,25,64,4.3,8534,89.4,31,26,High
195,23,69,6.1,14047,65.6,52,24,Medium
190,21,66,6.5,2937,68.8,20,50,Medium
261,25,74,5.0,6383,86.4,57,75,High
252,31,71,6.0,6047,69.7,55,43,High
339,19,117,7.9,13294,98.7,55,21,High
264,17,93,7.3,7492,88.4,25,15,High
305,19,109,6.1,3040,75.5,50,75,High
163,14,65,8.5,6013,78.3,71,61,Low
304,28,97,5.4,9437,91.9,21,14,High
232,13,85,7.6,8125,73.3,49,0,Medium
225,17,82,6.7,7791,87.5,23,13,High
215,26,84,7.1,8559,61.2,40,70,Medium
431,20,156,7.4,10902,78.4,44,12,High
162,14,50,8.4,10356,67.3,32,54,Low
348,25,115,7.9,6010,91.9,30,91,High
275,15,93,8.3,8788,66.6,50,16,Medium
144,21,41,5.8,11925,87.2,25,29,Medium
250,12,92,6.7,8588,74.9,55,39,Medium
46,23,13,5.9,6571,88.0,80,0,Medium
452,16,160,5.4,5183,85.9,19,19,High
243,29,93,8.1,8637,64.8,18,45,Medium
392,20,128,4.7,7512,91.0,15,11,High
415,18,124,6.3,7467,91.8,35,104,High
223,22,74,6.3,8577,85.3,62,25,High
283,17,105,6.7,6313,68.7,64,35,High
299,22,110,5.6,11230,72.7,53,23,High
470,29,155,6.1,7823,81.8,49,33,High
261,20,87,9.2,12965,62.4,71,18,Low
275,16,90,6.7,10583,73.5,35,0,Medium
140,17,41,5.9,7810,77.4,56,29,Medium
191,19,49,7.3,4802,81.4,85,94,High
230,19,80,7.1,9657,76.0,70,89,High
410,15,132,9.3,9182,63.5,23,8,Medium
469,13,158,6.7,6249,77.4,33,0,High
330,19,115,7.6,5133,81.8,86,0,High
315,25,112,5.6,7966,85.2,33,11,High
348,21,110,6.1,8585,78.7,77,23,High
212,13,62,6.3,8400,86.3,36,52,Medium
419,17,144,5.2,8008,96.0,41,28,High
137,17,50,7.1,10987,82.6,27,66,Low
235,18,73,7.3,6411,76.7,30,58,Medium
345,20,123,7.2,12738,73.1,41,50,High
232,16,76,5.1,3833,84.6,49,36,High
527,8,169,5.8,6178,83.5,37,70,High
347,15,107,6.5,5016,61.8,59,59,High
378,21,130,5.6,8551,85.3,37,0,High
204,16,69,4.6,8997,70.7,4,56,Medium
376,17,128,8.1,12383,71.1,41,23,High
361,16,111,8.8,8534,69.3,36,68,High
436,24,127,8.4,10117,89.6,75,60,High
61,11,25,7.4,5278,64.3,63,92,Low
202,16,76,6.3,4546,82.8,65,0,High
314,19,91,9.6,11270,67.3,59,49,Medium
317,23,102,8.3,10353,78.9,54,20,High
275,18,112,6.0,8597,78.2,54,104,High
127,13,46,8.8,5809,56.7,63,0,Low
300,26,110,7.2,14076,80.1,57,53,High
311,22,116,8.6,10072,74.0,34,57,High
280,23,89,8.9,6271,73.4,17,0,Medium
276,21,110,6.2,8132,80.3,7,56,High
374,28,110,6.8,4353,79.3,28,0,High
265,18,92,7.3,8304,84.5,30,18,High
155,16,54,7.1,6838,82.4,43,52,Medium
420,18,131,5.8,13968,80.9,43,11,High
415,13,132,7.1,9904,80.6,80,42,High
276,14,87,6.6,1677,71.3,56,40,High
368,20,110,6.7,12601,87.2,30,56,High
128,16,31,5.1,9009,87.8,72,8,Medium
266,23,85,6.7,11850,91.8,40,68,High
109,20,32,9.6,8694,71.8,56,0,Low
392,18,125,7.5,8379,81.1,54,86,High
130,28,50,6.6,5913,98.8,46,32,High
239,22,73,7.6,9633,79.0,73,35,High
302,20,102,8.7,10722,77.7,33,49,High
362,18,120,6.1,3617,70.2,48,46,High
333,20,108,9.0,5950,79.1,27,40,High
394,18,120,5.7,4921,106.3,52,77,High
360,20,118,6.5,12462,85.4,53,0,High
411,20,131,6.4,10801,90.8,47,11,High
104,22,42,8.5,7101,79.1,46,53,Low
232,12,82,5.7,10688,98.4,42,29,High
325,29,103,8.3,4579,80.3,53,79,High
437,25,138,6.8,8761,71.0,57,107,High
229,19,69,7.2,10335,79.8,21,40,Medium
477,23,156,8.4,6648,84.1,39,0,High
315,17,113,7.6,7979,83.6,38,14,High
209,12,79,8.5,9257,70.8,58,0,Low
165,19,33,8.3,10884,69.3,69,59,Low
354,25,130,10.0,4185,66.2,54,12,High
216,26,71,8.4,7573,71.6,48,35,Medium
253,21,73,7.1,5701,79.5,30,31,High
296,19,98,7.1,9368,84.0,82,74,High
300,22,93,9.1,7231,74.7,27,42,Medium
471,20,170,7.4,10036,78.4,20,32,High
319,15,101,7.6,4642,68.3,59,12,High
220,17,65,8.5,6815,75.6,35,58,Medium
205,22,85,6.6,13009,77.2,60,7,Medium
447,17,152,6.0,7490,99.9,74,2,High
228,28,72,7.7,10704,82.9,40,22,High
338,20,127,6.5,5357,85.6,54,103,High
299,20,110,8.9,4282,66.4,36,37,Medium
322,24,102,4.1,11513,81.1,46,38,High
420,19,133,6.5,10014,84.6,42,50,High
308,23,103,7.4,6956,79.6,64,47,High
362,15,119,6.3,12085,70.1,34,33,High
311,21,97,8.8,6447,76.6,32,11,High
235,20,78,7.4,5858,77.5,41,27,Medium
329,22,123,6.3,8038,61.8,58,34,High
215,29,80,7.5,7323,69.6,29,0,Medium
164,17,57,5.5,5100,77.2,21,34,Medium
338,20,109,7.8,7706,67.9,69,46,High
326,17,107,8.7,8630,76.6,1,24,Medium
316,25,110,7.0,10074,94.7,19,77,High
278,21,97,7.2,14645,82.7,88,48,High
273,21,91,5.8,11061,89.3,10,17,High
172,22,65,6.2,5351,74.2,36,28,Medium
94,21,21,8.4,14807,74.3,32,77,Low
369,21,130,7.0,8127,79.8,0,22,High
367,17,127,9.8,8829,70.0,25,16,Medium
255,19,73,7.8,6301,70.9,50,15,Medium
427,12,137,5.8,7977,74.8,60,42,High
330,11,121,9.9,7937,76.3,67,47,Medium
314,18,108,5.4,9701,87.8,38,60,High
482,19,159,6.7,10269,83.1,8,18,High
155,22,54,7.4,7051,90.3,46,86,High
275,27,91,7.5,10980,69.5,72,55,High
195,22,67,6.4,6636,85.4,76,28,High
243,21,88,7.2,10791,94.7,65,65,High
273,22,105,8.7,6356,75.8,18,97,High
276,22,84,8.8,5166,63.2,41,55,Medium
173,23,66,9.3,7255,76.0,50,93,Medium
287,22,92,6.1,7383,79.0,53,10,High
198,17,56,7.5,5538,71.0,9,0,Low
400,18,143,7.7,7051,72.0,86,56,High
356,18,113,5.0,6644,102.3,71,74,High
314,25,112,6.8,8006,78.0,45,0,High
232,24,86,7.8,9368,68.1,48,77,Medium
295,14,114,7.0,7794,90.0,35,27,High
351,23,126,6.3,5664,71.0,70,58,High
246,18,92,7.6,7090,77.1,22,48,Medium
121,13,49,8.6,10478,64.6,47,54,Low
352,19,119,7.4,6342,84.4,28,57,High
333,25,121,4.5,5596,87.1,45,37,High
312,27,101,8.6,4156,62.7,68,27,High
204,21,63,5.6,6289,84.9,32,50,High
376,20,130,5.7,10063,83.0,49,32,High
395,25,141,7.4,6173,86.9,42,19,High
308,16,101,7.4,7909,78.9,30,50,High
240,23,76,6.3,6775,98.6,33,22,High
242,17,69,8.0,6626,70.4,33,34,Medium
240,21,73,7.1,11283,87.8,9,24,High
236,23,73,5.3,7627,82.9,42,87,High
245,19,91,5.9,4863,82.4,47,43,High
312,25,100,6.7,4181,87.4,15,0,High
370,19,127,7.1,5355,73.3,36,77,High
425,15,129,6.4,5068,94.3,40,0,High
189,21,73,4.9,10153,91.8,61,104,High
205,10,70,6.2,7479,87.5,80,41,High
364,20,110,7.9,8164,85.3,53,21,High
189,22,58,7.2,7373,81.8,17,29,Medium
164,13,48,8.2,7495,78.0,27,0,Low
186,26,63,8.0,10354,84.2,46,37,Medium
262,19,84,5.0,10540,87.3,36,27,High
444,20,145,6.3,12472,84.3,44,38,High
267,23,82,7.9,5804,79.6,62,67,High
307,19,92,7.7,7022,78.3,42,49,High
160,16,59,7.7,8487,82.0,94,5,Medium
387,22,137,8.3,11933,91.6,13,10,High
367,23,117,8.6,6263,67.4,56,48,High
233,20,81,5.0,10364,87.5,12,55,High
211,23,63,6.6,6475,71.5,28,38,Medium
376,21,131,7.8,10434,76.4,62,57,High
257,22,84,8.0,8232,73.9,4,44,Medium
214,19,65,9.2,5393,66.5,51,45,Low
243,22,72,8.9,7704,78.7,20,65,Medium
304,23,110,8.4,9534,77.2,44,98,High
353,24,106,6.5,799,78.3,32,49,High
312,17,103,8.1,10274,83.1,45,120,High
307,23,87,9.4,4336,69.4,53,44,Medium
256,22,77,8.9,7454,67.4,66,44,Medium
295,24,88,7.5,7727,69.6,48,99,High
241,22,60,8.8,1180,59.8,57,35,Low
253,17,80,7.3,6463,74.0,44,0,Medium
422,17,138,7.4,9044,81.5,18,7,High
284,22,85,6.8,12657,87.9,22,67,High
243,19,76,5.4,10056,68.8,75,55,High
213,21,69,8.2,10263,88.3,21,12,Medium
60,19,5,7.0,2603,69.2,49,0,Low
489,23,163,7.3,7246,79.7,48,29,High
500,24,171,7.7,12549,78.4,47,76,High
343,21,116,6.4,10495,78.2,65,37,High
176,19,61,8.1,6719,70.5,32,29,Low
553,24,183,6.9,8285,83.5,41,7,High
140,23,49,7.0,10449,75.7,38,30,Low
319,25,114,3.3,10385,108.0,0,56,High
109,24,56,7.3,7683,69.2,30,34,Low
63,16,12,6.0,7388,94.1,66,35,Low
303,18,94,6.7,9104,85.8,85,74,High
316,16,97,6.2,10437,71.2,64,17,High
292,13,107,6.2,7019,76.2,53,54,High
429,9,155,6.8,3375,75.7,17,35,High
275,21,97,7.7,7799,76.6,49,89,High
361,20,109,8.9,4842,84.3,47,66,High
202,18,64,7.3,12833,83.4,92,80,Medium
410,22,139,6.5,5616,75.9,10,58,High
418,24,142,6.7,7705,93.3,20,25,High
255,22,100,8.2,6224,65.8,69,82,High
318,26,114,7.6,6704,70.8,76,51,High
210,24,78,5.6,10085,92.3,52,47,High
258,20,82,6.2,10632,90.4,38,16,High
354,30,121,7.1,9639,87.2,56,62,High
328,15,96,6.8,10419,81.5,89,27,High
107,19,36,6.4,6684,78.1,32,24,Low
166,17,56,6.8,5259,68.8,54,49,Medium
221,26,63,7.4,6127,76.9,41,21,Medium
302,16,98,7.5,9077,72.7,52,17,High
188,11,74,7.1,11042,76.1,61,12,Low
139,17,45,8.1,4913,90.6,33,71,Medium
30,19,14,7.6,7111,74.9,65,83,Low
489,21,181,5.8,7317,79.7,35,97,High
300,12,96,6.6,6067,91.5,56,68,High
136,21,52,6.9,9492,88.0,6,0,Medium
383,15,126,6.8,10496,93.8,60,50,High
429,15,151,6.1,14132,82.5,27,33,High
301,28,100,6.4,12937,81.7,35,112,High
342,20,122,8.1,9975,66.3,0,52,High
411,18,147,5.8,6850,99.4,41,15,High
341,18,111,6.7,9767,83.1,72,18,High
343,21,122,8.5,3112,63.8,14,0,High
127,17,28,6.9,9653,90.0,49,38,Low
30,18,11,9.9,8914,57.6,4,0,Low
366,16,132,9.0,8192,70.3,42,0,High
258,30,104,4.4,6046,81.1,62,12,High
235,16,68,5.7,9984,74.2,43,9,Medium
377,23,116,7.1,5525,84.3,61,42,High
185,32,57,6.6,10638,73.6,35,52,High
276,16,93,7.9,9502,63.9,97,40,Medium
286,16,90,7.8,9073,84.5,67,37,High
349,16,123,5.2,5540,92.2,49,52,High
314,18,102,8.4,6369,88.9,79,75,High
314,21,99,9.3,4282,68.0,73,10,Medium
240,21,71,5.4,10100,85.6,34,50,High
242,11,81,6.6,8090,82.3,55,41,Medium
314,23,108,6.6,6656,82.9,39,52,High
230,19,83,8.5,7659,74.6,63,34,Medium
197,17,62,8.8,10624,68.1,76,13,Low
409,27,139,6.5,5151,69.8,15,36,High
213,22,83,6.5,6903,82.8,47,18,High
234,18,87,8.2,4050,78.4,74,10,Medium
403,17,130,6.8,5369,80.4,60,76,High
211,17,75,7.3,7372,97.0,54,45,High
312,16,102,8.2,10710,71.8,67,0,Medium
321,14,103,7.9,9604,71.9,18,0,Medium
271,16,82,7.3,10473,81.6,56,35,High
241,21,94,5.4,9658,87.0,70,21,High
167,13,50,7.7,5598,61.9,56,41,Low
343,15,113,8.2,12236,82.5,21,47,High
390,26,114,7.9,9854,74.5,37,40,High
380,16,135,5.4,12491,98.1,45,17,High
317,19,105,8.0,12184,79.6,29,69,High
82,19,36,6.2,7771,77.2,27,5,Low
357,23,121,4.1,6777,102.9,55,77,High
269,28,90,6.8,2413,75.7,78,57,High
221,12,80,5.6,8415,73.2,7,20,Medium
346,26,115,7.0,7901,70.0,35,53,High
303,26,86,5.5,6402,88.0,31,29,High
381,20,129,6.7,6752,97.2,75,81,High
314,10,113,5.1,9297,86.9,59,21,High
253,27,77,6.2,3289,88.4,73,64,High
245,20,64,7.4,11201,79.8,63,2,Medium
341,22,107,9.1,10187,69.0,69,50,High
146,24,51,6.7,7108,65.0,51,49,Medium
230,21,67,7.0,7809,80.0,55,59,High
61,12,19,8.0,8793,77.8,55,55,Low
322,20,110,7.5,10037,82.1,46,31,High
345,21,107,7.5,13071,76.0,45,0,High
203,17,78,7.8,6684,70.5,54,0,Medium
171,22,62,6.5,11409,74.2,54,0,Medium
375,30,117,6.1,7446,80.0,49,32,High
209,27,75,7.3,7005,77.2,49,74,High
344,16,108,4.2,7355,90.8,59,18,High
279,24,88,4.5,10707,93.5,42,28,High
227,23,76,8.8,6569,63.6,21,22,Low
338,15,119,8.4,8266,75.1,49,47,High
283,28,94,6.2,6717,82.6,27,45,High
429,20,146,5.5,6928,84.4,66,27,High
206,21,80,7.7,11376,78.0,33,11,Medium
148,22,51,7.8,7973,66.4,35,59,Low
278,28,87,5.9,6334,93.4,53,73,High
328,20,114,6.8,6914,84.6,45,64,High
261,30,82,4.8,8698,92.2,69,6,High
460,16,150,6.5,7869,84.7,41,0,High
401,19,138,6.7,8006,80.5,39,33,High
227,23,80,7.2,7252,72.0,30,81,High
286,23,94,9.7,10610,62.4,21,0,Low
99,16,30,5.6,9441,69.4,34,28,Low
385,18,143,8.8,7438,75.2,53,88,High
212,31,53,6.3,8324,86.6,71,69,High
300,15,102,6.2,5963,73.5,62,47,High
254,13,84,8.3,7815,84.7,34,4,Medium
131,25,40,6.2,6274,67.4,48,85,Medium
363,19,123,5.9,8489,92.4,46,34,High
174,21,50,7.7,7741,67.8,68,0,Low
228,19,65,7.6,7397,84.9,71,83,High
365,31,130,6.4,8357,90.0,6,9,High
183,24,55,9.2,8746,90.2,73,120,High
429,19,142,6.4,10725,80.0,14,35,High
181,20,42,5.1,9946,67.4,50,53,Medium
163,21,40,5.6,10377,67.8,3,43,Low
285,21,96,5.6,7119,83.8,65,32,High
443,9,156,6.5,8719,86.0,38,64,High
279,15,87,8.7,12337,67.0,59,46,Medium
378,24,139,4.8,7757,93.2,39,42,High
146,20,58,9.0,8323,75.9,64,9,Low
243,19,88,6.1,8356,87.0,12,36,High
250,20,91,6.3,7740,81.5,57,5,High
154,24,61,6.0,11220,74.2,53,52,Medium
121,22,36,6.4,6894,85.7,52,50,Medium
256,26,81,6.7,10699,91.4,55,45,High
438,20,151,6.8,9923,78.7,68,77,High
302,16,90,7.3,7848,69.4,65,64,High
212,13,73,4.5,6972,97.6,17,103,High
76,25,29,6.8,7918,78.9,47,70,Low
243,15,86,7.6,10898,79.0,52,45,Medium
236,25,83,6.9,10692,92.9,44,31,High
318,14,95,6.7,9999,67.4,48,0,Medium
255,29,71,6.4,7783,79.9,55,81,High
343,21,114,8.3,8108,78.9,60,57,High
357,22,138,7.6,9565,95.0,56,26,High
273,21,83,6.7,7407,80.2,62,49,High
274,17,88,7.6,10093,73.2,84,44,High
283,16,96,8.1,8379,77.0,41,37,Medium
106,16,30,5.3,10534,88.6,42,68,Medium
352,22,122,7.6,4463,88.2,59,0,High
450,23,155,6.0,6482,98.8,45,66,High
286,23,107,8.5,7167,58.3,38,80,Medium
202,22,71,5.8,9031,76.5,36,7,Medium
279,22,90,7.0,7060,86.7,58,0,High
237,20,85,7.3,13450,79.5,54,54,High
283,19,93,4.8,4953,92.1,82,69,High
249,21,79,4.5,10549,84.0,25,14,High
65,17,18,6.5,11075,79.3,25,0,Low
290,21,92,9.0,9245,69.9,46,0,Medium
502,26,176,6.8,7211,88.8,29,72,High
146,19,57,7.6,7952,78.7,9,37,Low
390,31,132,3.2,10042,99.4,37,79,High
320,15,103,8.0,4003,78.6,88,0,High
188,17,64,7.6,6414,74.1,95,42,Medium
146,31,42,7.8,6656,86.5,56,73,High
306,24,101,7.0,9361,88.9,23,12,High
316,21,93,5.5,10722,86.9,29,62,High
129,18,42,6.1,12952,87.1,47,8,Medium
373,21,131,5.9,3339,102.1,35,12,High
231,13,72,7.7,5430,68.8,48,42,Medium
329,22,117,6.7,7144,76.1,46,22,High
350,14,121,8.0,9390,77.7,21,81,High
370,22,126,7.7,9911,80.9,44,40,High
181,19,55,9.1,5052,64.9,54,82,Low
481,25,153,7.1,8940,88.8,38,60,High
188,25,70,6.7,1600,78.2,64,13,High
369,19,113,7.1,8729,89.7,46,47,High
230,22,73,3.8,7934,86.1,42,15,High
285,21,97,6.6,7750,74.6,46,75,High
268,21,108,7.7,7020,74.9,34,84,High
327,22,114,6.6,7775,80.8,53,0,High
385,13,122,6.7,8804,75.8,28,57,High
219,19,72,6.6,12151,80.7,93,76,High
192,17,62,8.9,4786,65.0,86,67,Low
74,25,27,7.3,7317,89.4,43,37,Medium
298,16,107,6.8,9352,80.3,56,120,High
263,24,82,9.9,7849,70.6,57,47,Medium
291,17,98,5.4,8310,76.2,57,0,High
270,13,97,6.2,6533,87.1,59,61,High
356,26,109,5.7,10063,79.9,60,73,High
229,19,75,6.1,2569,89.7,59,58,High
315,21,102,8.5,5518,62.1,29,46,Medium
277,21,92,5.8,12888,84.2,54,0,High
184,23,43,7.0,4927,85.9,30,0,Medium
211,17,64,7.6,5819,77.4,55,11,Medium
372,21,107,7.8,6030,77.1,64,0,High
362,25,112,6.2,6647,95.2,53,86,High
354,19,119,7.7,7951,71.9,60,42,High
263,26,90,6.4,10697,72.2,49,30,High
56,19,15,7.0,9193,66.8,82,0,Low
114,28,20,5.7,7409,73.5,53,1,Medium
254,22,79,5.4,12372,88.8,27,41,High
128,17,32,7.4,6956,72.5,35,31,Low
394,24,129,9.8,8143,78.4,54,44,High
199,19,67,6.6,8298,83.3,71,0,Medium
253,19,71,6.9,10117,82.2,53,51,High
454,29,148,7.7,5122,66.3,50,78,High
383,20,110,8.3,5440,81.2,23,31,High
315,27,103,8.3,10356,85.0,83,64,High
302,21,99,7.6,12461,78.3,18,35,High
204,21,56,6.8,7089,71.2,14,28,Medium
356,21,107,7.8,4845,65.4,36,53,High
301,15,114,7.5,5024,86.1,57,26,High
266,19,91,6.9,10590,80.4,37,21,High
344,19,109,8.1,3783,65.6,33,72,High
346,27,112,7.5,8159,81.9,29,0,High
183,22,51,6.2,7559,80.8,80,43,High
372,18,125,5.7,6311,99.3,52,8,High
271,23,89,5.1,5854,80.6,63,94,High
288,13,101,5.9,9740,87.3,86,67,High
148,21,57,7.0,9943,86.3,86,78,High
151,13,61,8.2,10918,75.8,27,46,Low
135,22,51,6.9,9210,76.0,50,59,Medium
519,15,171,7.4,8018,80.3,61,46,High
507,20,158,7.7,8408,78.8,47,23,High
110,27,34,5.5,10477,78.0,31,93,Medium
129,23,42,6.5,3731,73.0,0,61,Medium
229,23,79,5.6,9109,93.3,72,15,High
391,16,125,6.6,6554,91.8,82,0,High
343,16,104,7.3,8940,85.4,60,9,High
497,22,167,7.1,5423,85.3,45,42,High
250,9,102,6.0,10125,84.4,34,20,High
210,18,81,7.7,9468,63.1,48,68,Medium
286,20,104,7.3,6236,84.0,72,48,High
263,18,84,7.5,6832,77.3,56,33,High
277,25,86,7.2,6602,69.2,1,40,High
291,28,102,6.1,8143,91.8,77,36,High
492,28,174,5.5,13074,88.4,59,33,High
292,21,95,7.5,3455,84.0,24,52,High
174,22,53,7.5,8814,79.0,57,25,Medium
251,10,79,7.1,9076,71.4,49,5,Medium
353,25,119,9.5,6672,76.9,49,62,High
340,25,112,6.4,3816,77.7,25,16,High
335,16,111,7.4,7497,65.7,40,77,High
110,18,46,7.1,4956,81.6,13,35,Low
124,21,48,7.0,9391,78.2,70,27,Medium
267,18,87,5.7,4545,85.3,28,12,High
325,22,108,6.7,7874,87.8,67,31,High
197,22,73,8.2,6072,64.1,57,50,Medium
429,16,147,7.7,10792,72.1,37,16,High
334,16,124,8.0,11924,67.7,30,62,High
228,17,81,6.3,7102,77.7,49,7,High
558,18,188,8.1,5372,83.4,67,67,High
233,16,73,5.7,12181,100.2,61,43,High
243,15,68,6.8,7659,77.9,56,26,Medium
238,14,87,5.8,8785,85.0,42,52,High
284,10,103,9.1,7696,59.8,61,88,Low
173,25,68,7.2,7485,72.3,14,75,Medium
354,11,108,8.1,6767,60.1,50,51,Medium
367,21,125,7.5,3277,97.7,45,68,High
347,22,110,7.6,12418,63.2,21,27,High
235,16,77,5.7,8494,79.6,38,21,High
235,25,65,6.9,7796,77.9,79,61,High
341,16,108,5.7,10320,100.2,56,47,High
302,12,99,6.4,6601,84.1,64,31,High
200,19,69,7.0,8924,66.6,36,64,Medium
78,26,31,5.9,6076,77.6,11,41,Medium
241,26,92,5.4,7137,85.5,75,79,High
332,20,109,5.5,9461,81.4,30,0,High
329,21,106,7.7,8687,71.7,38,25,High
129,21,45,6.6,7184,71.7,18,68,Low
364,22,123,5.4,9827,81.3,73,90,High
465,20,146,6.9,6056,76.2,52,80,High
245,19,71,7.8,5714,68.4,42,21,Medium
260,22,104,6.8,6868,77.1,57,78,High
228,18,78,5.3,7423,91.4,38,0,High
245,17,87,6.7,7168,69.6,33,12,Medium
401,24,138,6.0,6932,79.5,21,32,High
202,9,70,7.2,10259,77.4,19,54,Low
304,21,111,6.5,11759,86.1,66,11,High
252,27,102,7.2,7673,90.0,70,36,High
299,23,104,4.9,9479,94.0,11,81,High
251,11,84,7.0,6162,80.0,44,5,Medium
362,16,128,6.6,7763,82.4,47,2,High
384,25,126,5.9,9158,85.1,32,16,High
317,23,96,7.0,5897,70.9,29,112,High
258,21,91,6.6,9874,83.9,47,53,High
359,23,112,6.8,6182,78.1,31,14,High
205,20,62,5.7,10553,84.2,46,68,High
323,25,97,7.1,10123,72.4,23,0,High
229,25,56,4.7,10788,86.9,33,36,High
301,20,89,6.7,10559,73.7,39,44,High
184,22,62,6.9,12831,82.3,38,73,Medium
398,17,142,8.9,9268,72.0,68,0,High
154,24,47,6.6,4383,80.0,34,79,Medium
267,25,83,8.8,8322,68.4,64,71,Medium
132,24,43,8.3,6855,76.9,0,80,Low
396,29,131,6.7,4588,85.6,45,4,High
435,23,144,6.9,11196,76.2,3,92,High
161,17,62,5.6,7234,75.3,70,0,Medium
312,17,101,6.2,4273,90.3,85,2,High
250,16,79,7.2,6388,59.8,44,45,Medium
331,16,110,6.5,13662,93.4,79,29,High
438,20,151,8.0,11418,72.9,29,0,High
319,25,129,7.7,9823,82.6,65,111,High
203,18,81,7.3,9576,79.9,62,0,Medium
211,14,72,7.7,5741,72.3,42,0,Low
245,18,77,7.4,5553,79.5,45,50,High
207,15,68,7.0,9395,78.5,52,38,Medium
356,15,113,6.1,11971,90.8,49,0,High
365,22,123,9.2,5458,66.2,52,105,High
406,22,137,7.7,7758,84.3,88,43,High
238,28,84,7.4,8585,61.5,85,23,High
395,17,116,6.0,6796,90.3,62,40,High
448,25,142,9.9,7560,71.3,86,0,High
147,27,60,6.1,5428,84.0,23,73,High
231,19,68,7.0,8771,83.1,61,48,High
269,21,83,7.1,8430,90.5,62,33,High
362,18,118,5.4,9540,88.5,37,40,High
414,16,149,7.5,7489,73.0,88,13,High
107,21,40,7.4,9781,88.8,77,74,Medium
213,27,68,5.7,8846,86.1,56,20,High
395,22,127,7.9,11088,85.1,31,23,High
195,28,59,5.8,7337,79.3,14,46,High
360,22,109,6.6,10356,79.4,24,0,High
337,23,105,6.1,7439,85.4,78,57,High
358,19,133,7.7,9603,82.6,40,39,High
359,23,131,7.6,11321,81.0,68,56,High
237,21,76,5.6,10937,76.2,52,33,High
253,22,80,6.3,7490,94.1,5,15,High
245,12,90,6.3,6685,72.2,40,43,Medium
303,22,96,7.8,10427,79.6,26,70,High
67,14,27,6.1,6866,79.0,62,23,Low
328,21,100,6.8,10474,101.4,63,65,High
452,15,152,6.7,5012,80.7,41,31,High
300,15,96,6.6,9184,71.8,76,26,High
268,14,92,9.1,7079,76.3,67,67,Medium
287,16,106,6.2,3835,79.0,36,50,High
333,15,106,6.7,6064,90.3,56,0,High
394,18,122,7.4,7032,87.2,29,34,High
273,19,88,6.5,12811,87.2,38,5,High
263,24,98,6.3,510,75.9,57,56,High
143,23,48,7.4,7167,82.1,46,13,Medium
285,21,94,7.9,7127,94.4,17,45,High
160,22,62,8.6,5574,67.9,53,56,Low
225,22,79,6.8,7029,77.9,39,56,High
368,22,141,6.1,7630,83.9,29,24,High
382,18,118,6.1,6325,82.9,23,41,High
326,10,108,8.7,8893,74.9,41,19,Medium
401,29,122,7.4,11954,80.6,50,27,High
115,18,29,6.0,7876,79.8,40,12,Low
443,21,158,6.2,6283,79.0,51,42,High
195,19,57,5.7,7725,92.8,40,54,High
310,23,115,6.9,7130,83.6,57,15,High
213,18,62,7.6,10741,83.7,42,15,Medium
311,19,102,8.9,6839,77.6,12,88,High
282,20,84,8.3,9218,53.2,21,15,Low
394,21,136,7.0,8722,88.9,34,62,High
526,26,177,6.2,8266,94.3,70,70,High
368,13,132,7.6,5159,81.1,26,49,High
268,23,96,4.9,6464,105.2,53,51,High
433,26,145,6.1,7524,94.8,53,42,High
110,21,37,7.8,5023,81.2,21,0,Low
222,20,63,8.1,5550,60.6,40,72,Low
257,16,88,8.6,6800,83.6,48,27,Medium
252,9,83,6.9,8854,85.0,39,65,Medium
206,19,73,8.6,11520,61.2,56,39,Low
350,19,122,6.5,8668,85.4,56,54,High
280,17,88,6.4,8317,68.3,49,48,High
266,21,82,7.4,8174,83.3,63,26,High
421,18,140,8.4,7147,78.4,45,64,High
235,14,76,8.1,7761,69.4,47,0,Low
383,19,115,8.2,9408,82.3,51,77,High
253,21,76,7.6,10365,70.5,23,73,Medium
255,23,93,8.2,1899,75.5,57,32,High
204,23,71,7.0,9803,86.8,33,48,High
134,12,44,7.4,7263,72.5,41,32,Low
214,24,81,10.0,9236,58.7,56,15,Low
102,23,33,8.1,8901,80.6,54,37,Low
306,17,107,7.0,7670,80.9,17,48,High
249,19,82,8.0,9314,91.2,17,80,High
388,19,129,5.7,8713,91.0,25,34,High
207,20,94,6.6,7905,85.8,49,40,High
254,20,79,6.8,7726,83.0,71,79,High
402,22,138,6.1,5531,89.9,35,55,High
369,17,127,9.1,8035,77.8,26,0,High
294,21,107,7.6,3022,83.0,26,39,High
177,20,58,7.7,8719,65.8,54,65,Low
339,25,128,6.9,9872,74.4,67,114,High
251,21,80,5.6,4378,89.9,65,46,High
228,23,72,6.9,7307,79.6,32,0,High
413,24,144,6.5,11548,78.2,15,0,High
427,20,152,5.8,13457,89.8,47,19,High
191,19,53,7.9,7758,87.1,75,12,Medium
452,24,144,6.7,8156,85.8,54,65,High
271,18,91,4.9,7821,91.3,18,96,High
358,18,124,7.0,8376,84.8,44,63,High
463,22,165,7.0,11089,78.3,25,67,High
264,21,88,7.9,8008,75.2,52,60,High
306,17,111,7.1,4571,62.8,44,51,High
352,17,103,6.3,8642,76.4,40,17,High
438,23,136,7.6,7037,79.7,32,64,High
282,21,93,6.2,5200,73.2,54,29,High
361,23,128,7.8,5201,77.7,69,65,High
203,21,64,8.4,7724,70.1,77,53,Medium
132,16,41,4.0,9566,99.1,53,40,High
212,26,73,6.1,9427,98.0,70,18,High
212,16,68,7.6,11014,75.6,25,38,Low
378,23,137,7.1,6107,84.1,38,23,High
273,19,91,8.6,7075,82.9,26,0,Medium
219,17,92,8.5,9588,72.3,35,7,Low
191,15,64,8.1,9801,76.7,24,49,Low
238,21,76,5.0,6697,75.7,78,0,High
372,22,124,6.8,6282,86.3,38,111,High
191,20,72,7.8,9177,85.0,42,25,Medium
267,24,87,7.0,10198,70.5,14,66,High
242,16,58,6.8,7406,66.2,5,0,Low
315,22,101,8.5,9148,84.7,79,11,High
464,19,136,7.4,8007,79.0,40,72,High
215,19,75,6.7,6371,73.3,91,53,High
312,15,94,5.6,9838,86.7,42,28,High
278,19,93,9.1,7431,66.9,20,100,Medium
233,20,66,7.4,4211,68.9,45,0,Medium
285,17,94,6.4,6354,69.7,46,73,High
462,27,155,8.1,2377,93.2,48,27,High
273,17,87,5.1,14759,100.5,44,15,High
273,17,90,9.1,11247,69.1,15,0,Low
242,19,67,7.7,4701,96.9,14,0,High
322,13,107,9.6,6525,80.5,68,44,High
180,20,54,7.8,8562,74.2,84,42,Medium
292,13,98,7.3,11998,96.9,39,17,High
325,24,107,6.3,9810,67.0,8,34,High
195,22,63,6.5,8551,78.3,69,36,High
440,19,143,5.5,6528,102.8,28,26,High
436,21,147,9.4,9195,70.5,52,10,High
505,18,181,7.2,9094,92.8,35,56,High
337,20,111,8.0,8085,68.7,35,77,High
322,17,111,8.2,7800,70.2,28,51,High
272,16,103,6.7,6882,83.6,73,53,High
287,22,98,6.0,11217,88.9,54,63,High
373,22,130,6.1,3771,86.6,52,33,High
282,22,87,5.1,8771,83.8,46,21,High
265,23,91,5.7,8042,77.2,53,0,High
336,23,114,7.6,3078,97.1,21,23,High
217,14,86,8.2,7054,76.2,55,21,Medium
438,22,136,7.0,5452,91.6,69,8,High
281,18,111,8.1,5418,83.1,49,47,High
356,20,128,8.1,6041,72.8,62,34,High
200,22,74,6.6,11112,79.9,37,53,High
276,13,82,8.3,7851,68.1,53,6,Low
241,21,72,6.8,9862,85.8,37,0,High
245,15,86,6.5,4994,79.7,12,60,High
166,32,38,7.1,6451,89.9,40,65,High
386,26,116,5.3,6936,75.6,68,15,High
328,20,115,7.0,8399,84.8,18,29,High
138,30,55,4.2,9329,108.2,78,48,High
259,12,103,7.8,8677,70.1,34,57,Medium
258,21,83,5.4,5981,86.7,56,0,High
320,13,99,7.0,9850,77.6,75,70,High
265,20,82,8.8,6476,79.4,82,0,Medium
389,19,133,7.1,8665,65.4,77,0,High
376,20,123,4.7,4564,81.0,30,28,High
501,17,156,7.2,7360,75.5,68,27,High
57,19,23,6.7,9293,83.4,33,41,Low
417,16,130,8.1,8256,76.4,26,45,High
359,19,125,6.9,5955,76.7,33,91,High
262,15,93,8.3,9355,77.2,70,13,Medium
254,18,82,7.5,6055,78.8,36,72,High
271,21,92,8.0,3631,73.7,29,0,Medium
305,22,99,6.9,10582,76.6,77,3,High
226,22,74,8.5,5491,65.1,42,12,Low
120,18,29,6.4,9973,90.3,58,0,Medium
228,15,48,4.8,7407,99.3,26,53,High
253,18,83,5.7,9613,73.8,37,77,High
337,16,104,7.1,6037,77.1,41,67,High
161,16,46,7.3,10137,79.6,33,0,Low
344,23,107,7.2,6637,72.9,43,108,High
160,24,60,8.5,7315,77.3,27,43,Medium
320,21,115,7.2,2611,81.2,43,86,High
335,10,114,7.4,3949,85.8,68,36,High
267,13,86,8.2,9895,93.2,12,36,Medium
285,18,97,5.0,6333,74.4,42,29,High
350,18,125,7.9,3096,89.2,35,102,High
222,24,87,8.6,6439,67.9,33,82,Medium
311,18,97,7.9,9345,82.4,84,38,High
245,11,69,7.4,5008,81.9,74,30,Medium
435,18,147,8.0,10590,90.2,35,62,High
334,14,97,4.4,6623,91.8,18,0,High
176,17,60,6.8,7037,71.9,75,0,Medium
462,19,155,5.4,6062,91.8,53,9,High
380,16,125,7.5,3300,93.6,22,51,High
159,15,67,5.8,7223,85.2,27,72,Medium
127,30,43,8.0,7756,68.3,47,3,Low
157,20,56,6.5,8895,78.3,80,86,Medium
182,28,69,5.5,6038,86.2,38,24,High
295,31,97,5.9,3863,85.8,54,53,High
288,24,92,5.4,12232,86.3,33,24,High
353,20,114,7.0,8400,89.5,54,36,High
249,24,86,7.7,7751,92.6,12,94,High
254,20,87,6.2,10571,90.2,58,24,High
291,18,110,5.2,5503,92.2,50,12,High
393,25,125,7.0,5094,90.6,28,60,High
91,23,28,7.0,9518,81.6,0,69,Low
254,25,92,6.4,12426,83.0,78,0,High
412,19,142,6.1,4401,81.8,10,51,High
287,18,95,8.5,7836,69.4,70,56,Medium
251,14,81,6.3,8758,82.2,28,92,High
199,18,62,5.3,9013,87.6,53,28,High
370,24,116,6.9,7106,91.3,57,80,High
232,17,77,7.6,5578,75.7,78,45,Medium
231,19,81,7.6,2693,74.0,23,31,Medium
416,17,141,5.1,12896,92.6,44,18,High
175,15,57,8.5,11864,75.5,26,55,Low
443,17,150,7.3,6195,77.6,24,5,High
297,23,91,7.7,7892,71.9,47,7,High
282,16,98,10.0,6319,73.2,62,58,Medium
309,32,91,7.9,7093,76.0,95,95,High
282,21,96,7.7,7480,86.7,41,0,High
227,20,80,6.7,4801,82.3,44,18,High
314,22,105,7.0,7658,80.2,45,49,High
231,19,77,5.6,8123,75.4,48,23,High
323,17,99,7.1,3740,80.5,50,0,High
511,18,170,9.0,6039,69.0,22,14,High
346,30,131,7.5,4325,69.0,0,55,High
261,22,86,9.7,5220,81.0,40,32,Medium
306,22,99,7.6,7246,74.1,84,51,High
248,27,69,7.3,7454,85.2,46,0,High
262,17,90,6.8,7473,71.4,42,50,High
269,18,93,9.4,13076,64.6,45,0,Low
328,22,105,6.4,8631,76.8,31,63,High
371,18,121,6.1,8818,90.8,43,81,High
491,14,153,5.9,8155,92.0,46,0,High
345,17,115,9.7,4257,59.9,46,23,Medium
170,23,60,7.2,7556,65.8,47,0,Low
152,22,32,7.1,7878,80.9,47,43,Medium
273,20,90,7.6,9712,87.8,44,45,High
380,20,140,6.7,5097,93.3,68,0,High
259,24,87,6.1,6451,77.0,83,23,High
261,13,90,6.0,5154,80.1,11,72,High
370,14,131,6.0,6201,89.7,34,57,High
277,23,96,4.6,7131,93.9,1,46,High
383,17,124,7.1,4880,83.4,55,73,High
130,29,30,5.1,9939,81.2,70,94,High
328,22,130,7.7,5407,81.7,47,44,High
102,34,40,8.0,9598,73.3,47,49,Medium
307,23,108,6.3,6760,84.6,33,32,High
370,19,131,7.4,6702,86.9,49,45,High
117,23,48,7.9,10021,81.8,44,19,Low
50,25,23,8.8,9479,70.6,67,0,Low
365,19,121,6.5,9049,85.5,86,64,High
325,22,105,5.3,3589,86.0,76,61,High
170,23,62,5.9,10973,82.8,90,42,High
304,21,102,5.0,11588,94.1,58,44,High
226,21,76,7.6,7259,80.2,52,19,Medium
262,26,95,3.1,5508,90.4,45,76,High
253,23,101,5.8,4888,79.1,52,4,High
147,6,41,7.0,7161,71.9,52,82,Low
370,22,127,5.7,5182,95.8,71,58,High
174,26,49,6.0,7359,68.3,41,49,Medium
289,17,97,8.0,6519,65.0,24,51,Medium
345,23,101,5.7,4569,81.4,44,70,High
197,18,60,6.5,6225,86.2,27,23,Medium
253,17,84,8.1,8128,72.5,41,64,Medium
229,20,84,6.6,5631,73.8,11,28,Medium
452,26,138,9.9,7032,74.3,46,54,High
371,24,127,8.3,10149,79.4,27,0,High
356,16,118,8.4,6034,81.9,60,20,High
501,18,178,5.3,5593,101.6,37,93,High
315,22,101,6.9,8216,90.6,7,80,High
246,16,85,6.7,10821,84.7,37,89,High
136,22,44,6.5,8998,78.0,43,74,Medium
210,24,62,6.4,6238,84.2,52,21,High
296,22,94,6.8,6229,77.3,56,25,High
373,26,118,4.1,6696,100.1,29,70,High
215,30,57,5.9,7094,78.8,30,72,High
438,22,158,9.0,14158,68.6,44,82,High
126,14,39,6.4,8230,86.7,51,46,Medium
242,26,84,6.2,12469,70.5,54,38,High
320,16,97,6.9,10048,75.9,64,76,High
293,20,98,7.0,1670,84.5,11,0,High
328,25,113,4.3,6717,90.7,64,35,High
293,13,98,7.2,7818,78.2,61,32,High
345,25,108,7.7,8406,69.9,62,33,High
256,19,91,7.7,8158,68.5,41,80,Medium
250,17,66,5.9,3685,82.0,50,59,High
198,23,53,8.8,3589,58.5,55,44,Low
497,21,164,8.7,7880,77.0,41,0,High
272,25,71,8.6,6977,82.1,64,6,High
324,18,101,7.9,11175,85.1,21,64,High
259,23,82,6.6,8005,85.1,59,48,High
439,16,158,7.0,9915,84.3,55,77,High
279,24,87,8.7,9617,72.1,75,19,Medium
313,20,100,4.3,7820,91.7,84,41,High
193,29,49,6.1,10754,74.6,41,35,Medium
456,18,152,7.6,6832,76.4,76,67,High
302,18,100,6.7,7862,69.1,51,102,High
460,18,144,6.5,8166,91.9,52,23,High
220,15,80,9.0,5880,69.8,53,0,Low
236,15,85,8.0,5095,89.1,18,55,High
227,21,71,8.2,4774,69.7,68,52,Medium
252,30,68,6.1,5380,82.7,17,0,High
347,22,107,6.3,7655,88.7,55,10,High
75,24,37,7.5,8763,76.6,0,27,Low
275,9,92,7.5,4850,76.8,41,74,Medium
202,18,61,9.2,8133,81.9,45,9,Low
191,24,74,7.4,7358,69.3,58,32,Medium
327,24,107,9.0,10317,77.2,74,0,High
310,26,103,7.8,6736,73.9,43,55,High
366,23,141,6.7,11961,81.4,20,3,High
319,9,113,6.1,9903,86.0,36,105,High
298,20,97,8.0,7167,75.2,50,14,High
224,20,77,6.6,6628,79.1,48,68,High
187,20,66,6.9,10214,67.2,10,56,Low
340,19,119,6.0,7163,91.2,35,14,High
254,24,76,7.0,8095,68.0,34,73,High
320,30,119,7.7,6722,87.8,41,0,High
280,17,104,6.5,6608,80.8,57,39,High
76,18,17,6.1,4941,85.6,29,61,Low
328,11,109,7.1,11422,62.8,66,33,Medium
217,13,73,7.6,7012,75.8,60,6,Medium
366,21,123,7.0,8336,81.3,3,87,High
94,19,37,9.3,9227,60.4,37,36,Low
470,17,153,7.1,11392,89.1,49,23,High
220,18,76,7.6,6602,71.5,75,7,Medium
327,15,114,8.1,2242,70.0,21,43,High
209,19,73,7.5,8227,73.7,11,34,Medium
222,16,77,5.8,9247,90.0,49,31,High
349,18,120,6.0,6647,86.9,25,90,High
260,16,88,5.7,9370,87.3,44,89,High
267,16,73,5.4,8001,91.1,30,48,High
365,17,113,7.3,7121,78.4,63,61,High
299,22,89,8.5,11315,81.5,60,0,High
325,25,99,7.9,7198,79.8,33,43,High
218,27,64,7.8,12142,81.0,75,48,High
347,15,123,5.8,8082,80.3,46,33,High
291,22,107,7.6,5920,78.1,52,27,High
323,25,112,7.6,3235,84.7,32,16,High
316,23,97,9.0,10977,85.4,30,41,High
393,24,123,7.4,10386,87.8,76,74,High
330,12,104,9.1,9988,80.2,47,79,High
164,29,48,7.1,11211,65.5,50,40,Medium
221,20,84,7.5,12492,74.1,35,72,Medium
303,13,90,8.4,2651,78.9,50,12,Medium
320,17,109,7.3,3575,69.3,45,57,High
148,26,38,5.2,7297,87.4,45,37,High
181,22,64,5.8,10446,79.8,78,20,High
389,26,126,10.0,8721,67.5,48,105,High
477,13,149,7.1,8727,83.6,22,26,High
115,27,33,7.8,6886,75.8,55,29,Low
306,10,105,5.7,5884,91.1,38,26,High
285,13,81,7.4,7756,69.4,25,50,Medium
381,21,122,8.6,7363,82.8,31,80,High
330,17,108,4.8,6876,94.6,67,5,High
363,19,109,7.3,9572,78.3,24,54,High
52,25,9,7.2,7975,81.7,25,50,Low
279,15,104,7.4,9105,64.7,46,0,Medium
189,30,52,9.5,7720,68.9,38,81,Medium
192,26,59,6.7,9715,74.6,25,48,Medium
157,20,56,6.4,5239,71.0,63,62,Medium
303,18,100,6.8,4464,69.0,37,0,High
313,18,99,9.8,7157,74.0,19,84,Medium
343,16,120,7.2,9911,84.2,51,102,High
240,19,63,7.7,7094,85.6,61,35,High
418,21,145,4.2,13084,98.7,54,18,High
187,12,54,7.1,5452,74.8,58,0,Low
137,22,25,6.8,7515,99.3,58,1,Medium
302,18,117,7.1,3408,87.7,40,65,High
212,16,70,6.6,11694,70.6,36,39,Medium
333,14,117,5.4,7698,85.8,32,0,High
214,18,80,6.7,2114,81.4,45,86,High
222,27,66,8.8,7210,69.1,12,20,Medium
214,16,69,7.1,1567,94.1,22,0,High
207,22,68,4.8,11048,84.4,72,41,High
280,20,87,5.6,5722,82.1,63,55,High
304,20,110,7.3,8101,84.7,48,0,High
207,18,79,5.7,6148,84.2,76,31,High
163,23,53,7.3,7500,74.4,53,86,Medium
330,18,113,8.5,10008,91.9,46,0,High
319,19,113,7.6,6986,90.4,18,51,High
351,21,119,5.8,9393,74.5,39,30,High
176,23,53,7.2,967,91.7,65,56,High
197,22,45,7.9,4817,73.0,56,9,Medium
362,20,121,6.1,8130,93.8,84,47,High
370,19,129,5.7,6203,102.4,45,11,High
239,19,72,6.9,10934,85.7,0,0,Medium
185,18,62,8.9,10092,88.5,53,0,Medium
210,24,73,5.8,11408,89.8,0,33,High
183,14,64,6.5,8246,84.8,35,47,Medium
360,24,120,5.6,6141,95.0,63,76,High
351,21,109,6.1,9531,74.7,79,51,High
288,28,105,6.8,5363,78.8,24,87,High
212,16,70,6.8,7274,70.4,53,34,Medium
192,15,59,3.7,9020,89.6,77,57,High
218,20,59,6.7,6236,83.1,47,11,Medium
191,11,66,9.1,13971,68.2,33,49,Low
303,14,120,7.2,9801,78.2,82,29,High
356,25,116,6.7,5701,71.4,65,26,High
359,14,115,6.3,10395,79.7,46,42,High
192,21,63,5.9,12082,95.6,14,0,High
220,28,72,7.1,4229,73.4,38,50,High
225,13,71,7.5,11199,73.6,30,61,Low
382,17,143,9.1,4844,75.2,11,19,High
147,23,49,6.1,7978,83.5,72,45,High
280,26,82,8.6,8437,72.3,56,78,High
193,14,54,8.5,6352,60.6,31,63,Low
261,19,96,6.5,6344,85.5,33,36,High
349,26,118,6.1,5860,99.9,36,52,High
248,22,79,5.3,6649,100.5,25,85,High
205,17,64,7.0,5514,72.2,102,48,Medium
355,22,123,6.7,10782,85.7,31,68,High
293,25,91,8.3,4323,95.0,39,64,High
328,14,108,7.4,12494,78.8,31,43,High
306,29,107,4.6,7666,91.7,9,79,High
159,17,46,6.9,2762,65.5,20,10,Low
411,31,147,7.4,9932,89.1,66,53,High
260,24,73,6.7,7029,82.5,38,23,High
364,28,121,8.1,5017,69.9,53,67,High
245,16,82,6.3,7146,87.2,54,39,High
337,15,95,8.2,6064,83.6,54,69,High
381,19,121,6.3,11218,78.7,31,63,High
368,17,127,6.6,6048,69.7,79,27,High
291,14,91,9.3,4688,71.6,63,56,Medium
246,14,79,5.4,6227,90.8,55,54,High
139,21,43,7.1,5518,78.5,50,34,Medium
156,18,59,7.4,10693,84.7,17,66,Medium
392,27,133,6.3,8502,71.1,62,37,High
198,18,62,7.6,4333,67.6,42,17,Low
360,24,114,7.9,5359,79.4,29,49,High
371,18,130,7.3,6886,67.6,25,54,High
326,21,109,7.2,3393,73.5,65,0,High
319,20,114,7.6,5230,73.7,17,112,High
163,14,59,6.1,8810,89.0,37,120,High
145,19,22,6.2,12536,90.4,48,15,Medium
214,20,79,7.6,3405,81.9,42,58,High
445,23,149,6.6,14816,99.7,53,8,High
417,22,141,6.9,8937,93.8,68,0,High
284,21,78,4.0,5163,98.1,57,26,High
409,18,132,7.8,11818,85.0,46,0,High
187,18,62,8.6,9045,66.7,36,56,Low
243,20,70,7.7,10114,64.8,16,66,Medium
439,16,156,7.9,10063,73.4,44,93,High
490,18,169,8.1,10688,86.1,38,41,High
357,18,115,6.8,4872,79.5,56,66,High
121,26,54,5.9,10017,85.6,42,52,High
415,20,141,7.6,8133,65.2,66,49,High
253,20,95,8.3,9452,78.2,36,10,Medium
352,25,110,5.7,6311,79.4,34,33,High
290,21,100,7.9,6382,70.5,53,29,High
381,26,137,7.3,6551,93.6,47,58,High
285,19,104,6.9,9828,97.4,53,0,High
553,16,192,6.7,7789,77.7,42,72,High
377,18,135,7.3,6652,78.4,46,32,High
154,26,63,6.2,7156,79.2,39,20,Medium
112,30,18,10.0,11126,70.1,48,50,Low
113,15,34,5.4,9235,78.9,70,39,Medium
339,20,99,3.9,9145,86.6,35,45,High
376,22,111,7.3,8665,82.5,33,79,High
30,15,5,7.1,10679,74.8,51,0,Low
402,20,130,7.6,5355,86.4,41,0,High
315,23,115,3.6,10214,88.6,73,23,High
442,21,137,4.8,8190,90.0,59,82,High
183,21,62,6.5,5667,86.0,62,64,High
309,27,115,8.1,7951,75.5,64,36,High
308,14,101,4.8,7313,75.5,32,58,High
203,20,83,7.5,8853,88.9,47,65,High
153,21,36,6.7,10251,77.6,59,56,Medium
373,18,117,7.2,5175,80.2,45,73,High
303,19,113,7.0,12293,100.4,27,45,High
319,25,101,7.0,3798,97.4,64,55,High
416,22,136,7.0,6148,90.0,42,55,High
276,21,105,8.3,12927,65.5,51,28,Medium
311,16,109,7.0,4287,91.1,57,36,High
315,13,91,8.2,6520,61.2,75,55,Medium
318,23,110,6.5,6054,83.6,49,11,High
139,23,40,8.3,1950,67.7,5,18,Low
278,10,88,6.7,7724,75.1,49,32,Medium
396,17,131,6.7,9109,84.8,51,42,High
267,20,84,4.9,9102,92.8,12,39,High
233,25,81,5.9,6512,89.3,74,39,High
377,19,118,6.2,3042,84.3,0,44,High
281,19,96,4.8,6242,86.6,57,33,High
217,22,78,6.0,5726,89.3,14,20,High
194,20,64,7.8,8617,81.6,66,41,Medium
275,29,92,8.0,6553,76.8,56,59,High
214,27,72,5.0,8972,79.4,74,66,High
370,19,124,9.0,3133,59.9,55,0,High
204,30,67,8.0,9518,79.3,52,10,Medium
308,16,101,9.5,9212,78.0,38,68,Medium
322,22,106,8.3,5174,73.5,10,32,High
343,13,115,9.3,6121,74.8,89,0,High
437,10,142,7.5,7108,91.3,35,77,High
145,15,47,6.1,10617,96.7,52,70,Medium
341,21,121,7.3,7179,76.4,29,5,High
342,21,130,4.3,8754,90.9,24,5,High
171,27,76,6.8,7910,81.8,46,120,High
306,19,103,6.9,10194,70.6,53,12,High
238,23,71,8.2,8338,57.0,80,77,Medium
420,30,138,7.2,4815,70.7,65,86,High
223,30,75,6.5,7271,78.4,51,0,High
258,22,94,5.3,10434,80.1,44,13,High
242,14,74,6.1,8743,75.9,52,71,High
196,19,64,6.7,4874,79.4,40,0,Medium
125,23,33,6.2,12378,79.8,50,8,Medium
197,23,78,3.9,6420,84.5,29,34,High
294,15,102,7.0,10261,67.0,34,36,Medium
308,22,99,6.4,11481,85.7,44,73,High
361,17,120,6.4,10600,92.0,51,57,High
385,21,117,7.2,5753,76.0,43,46,High
320,23,110,6.5,10693,79.5,49,36,High
360,15,122,8.3,8570,82.5,27,8,High
332,22,96,6.1,4674,92.6,21,76,High
170,26,50,6.0,7771,77.7,44,44,High
318,22,103,6.1,5489,83.2,11,60,High
281,18,91,7.2,8968,90.6,62,47,High
224,19,70,7.2,9962,84.7,18,43,Medium
281,24,94,6.3,10806,73.2,37,43,High
316,20,116,7.0,7801,66.6,55,40,High
260,23,90,7.5,5699,75.2,63,36,High
379,22,135,7.7,4984,71.0,58,22,High
314,26,107,6.9,9687,84.6,55,56,High
367,21,119,6.1,10426,90.8,96,74,High
406,24,133,6.1,9361,87.9,24,47,High
240,18,86,7.3,5857,71.1,51,88,High
236,18,82,7.9,6394,65.1,58,26,Medium
396,24,142,7.2,6563,86.5,52,104,High
203,21,67,6.5,4238,86.5,36,53,High
270,24,78,6.3,9254,91.0,56,0,High
231,20,75,8.0,7638,72.4,55,97,Medium
181,20,48,5.5,11574,82.8,70,11,Medium
330,22,108,6.4,5564,89.4,54,46,High
253,22,75,8.7,7630,72.2,7,55,Medium
187,14,61,8.4,4880,67.6,61,42,Low
373,19,125,7.2,7043,73.8,37,37,High
148,18,48,6.4,9971,85.0,41,21,Medium
265,21,86,6.7,8139,78.2,22,25,High
369,27,119,7.1,5582,76.6,48,76,High
372,20,132,9.5,4251,74.9,84,9,High
323,20,109,8.2,7162,69.8,66,42,High
192,26,51,8.1,8514,68.9,21,61,Low
296,17,99,6.8,10050,81.0,41,8,High
316,13,117,6.4,6133,79.0,65,54,High
236,26,74,6.8,6069,91.0,41,71,High
318,11,102,8.2,13308,79.8,4,51,Medium
132,25,49,9.0,7939,69.9,34,74,Low
105,21,28,6.0,10384,91.4,73,39,Medium
216,20,62,4.2,4835,90.0,75,15,High
349,18,103,6.7,8804,90.8,41,35,High
366,26,127,8.3,9845,68.3,40,0,High
152,24,57,6.3,8144,74.7,0,111,Medium
427,18,137,7.5,3648,72.7,43,40,High
289,27,87,5.7,5730,89.2,34,0,High
125,21,48,6.6,8918,65.6,7,20,Low
310,20,102,6.1,4004,86.5,26,34,High
407,24,119,6.8,14332,78.9,19,2,High
232,21,80,7.2,10849,78.7,46,1,Medium
378,24,128,7.8,4232,78.1,76,30,High
424,13,152,6.5,8656,88.9,42,56,High
284,15,101,5.6,8189,103.0,50,68,High
205,23,75,5.2,10722,101.6,94,73,High
397,14,125,8.3,1757,83.3,7,22,High
397,25,121,6.0,8424,83.1,49,0,High
154,18,55,7.6,4994,76.1,68,93,Medium
270,18,90,5.1,9097,83.9,51,33,High
352,19,122,8.9,5280,67.6,12,27,High
358,22,120,10.0,11422,53.5,84,77,Medium
251,19,95,7.4,8772,75.6,62,31,High
184,20,57,6.7,3494,81.3,50,55,High
437,28,146,8.7,1620,80.7,17,47,High
289,16,91,6.4,9245,83.1,91,3,High
262,20,80,7.1,6262,73.4,57,7,High
221,17,84,3.7,9434,87.7,54,33,High
260,17,85,6.9,6350,87.0,57,40,High
123,24,60,8.4,11008,57.2,64,21,Low
380,23,115,6.4,10523,79.7,47,21,High
253,23,85,6.5,9079,81.4,43,38,High
70,22,24,6.5,5751,74.2,0,19,Low
182,22,70,9.4,6534,56.1,29,67,Low
376,21,118,7.3,7352,87.9,85,49,High
266,16,83,7.0,5375,88.4,28,24,High
201,19,55,6.5,9653,72.1,39,58,Medium
293,19,109,8.2,7185,50.0,22,80,Medium
250,17,69,6.0,7545,98.9,55,45,High
291,21,97,8.5,6699,70.5,40,0,Medium
312,25,123,6.9,7954,73.0,39,87,High
198,20,75,8.4,8438,71.5,29,90,Medium
222,28,83,6.6,6630,82.8,53,77,High
207,21,82,8.0,7408,69.2,74,59,Medium
210,15,71,7.6,6835,76.6,11,55,Medium
217,20,73,6.9,6842,77.7,39,44,Medium
251,15,83,8.6,8051,66.9,42,43,Low
219,21,72,8.6,1605,59.1,30,5,Low
296,22,93,6.2,11506,93.7,68,6,High
249,19,93,6.1,9907,86.9,68,14,High
209,19,65,6.7,8401,73.2,50,0,Medium
87,23,26,6.6,10093,80.4,31,3,Low
190,18,52,8.2,4608,65.9,68,40,Low
244,14,87,7.4,3633,76.8,39,0,Medium
376,20,137,5.9,3277,90.6,65,11,High
273,17,73,6.0,9081,87.3,94,33,High
129,23,55,7.1,8353,72.8,45,17,Low
290,14,102,8.0,8899,82.2,48,30,High
235,20,88,8.9,10339,71.3,31,49,Medium
337,18,115,7.2,2064,75.7,65,69,High
134,22,49,6.9,4996,90.7,49,18,Medium
401,18,136,6.7,6367,74.1,20,31,High
325,20,100,6.1,9663,87.2,31,0,High
259,16,85,6.9,8372,90.9,84,58,High
126,20,37,6.4,14583,65.2,40,14,Low
134,24,53,6.5,5267,91.7,23,50,High
349,18,114,7.7,9305,91.6,49,31,High
360,18,124,5.3,10375,84.4,34,107,High
384,24,119,4.7,11661,93.2,41,95,High
447,20,163,5.9,7487,81.6,56,59,High
355,21,120,7.9,4744,70.7,52,53,High
321,17,96,7.4,9640,69.7,46,48,High
519,25,181,8.1,8729,93.4,33,26,High
225,19,77,5.0,9438,84.6,9,17,High
270,12,96,7.6,11376,65.9,83,12,Medium
126,17,67,5.3,7406,91.7,82,21,High
342,21,123,5.7,5403,91.4,45,53,High
260,17,95,5.4,9416,88.4,62,33,High
218,20,69,5.6,8770,78.5,44,0,High
220,24,74,10.0,7206,63.2,30,117,Low
201,25,63,7.6,5472,92.0,46,35,High
263,24,77,4.8,8855,91.2,48,104,High
136,17,41,5.1,10141,80.0,75,28,Medium
145,16,57,7.1,4021,82.5,47,33,Medium
169,23,59,7.2,8109,83.3,79,68,High
218,20,63,6.2,9474,95.9,42,31,High
234,21,77,9.0,12500,71.1,34,52,Low
75,19,18,5.9,8167,85.6,75,30,Low
228,26,79,8.1,11887,78.4,73,26,High
196,19,59,8.0,10096,68.3,47,86,Low
358,15,114,9.9,10147,58.7,52,4,Medium
190,31,53,9.9,5985,71.0,51,25,Low
380,13,140,7.8,14192,83.8,49,95,High
454,17,150,7.0,8156,63.5,38,30,High
397,11,131,7.4,8508,84.5,93,0,High
182,18,63,7.7,8049,74.1,37,58,Medium
332,26,113,4.8,11099,93.1,56,39,High
184,22,55,5.2,12896,81.0,49,53,High
197,14,67,8.2,9649,84.9,0,42,Low
204,18,68,8.6,7040,79.8,47,7,Medium
294,23,106,8.8,12245,61.6,39,47,Medium
193,25,70,6.7,4845,71.0,34,78,High
284,18,94,7.4,6260,78.6,24,25,High
406,19,135,6.5,4530,79.4,81,13,High
170,24,54,9.2,7082,77.2,23,35,Low
119,22,40,6.5,10510,70.1,41,34,Low
216,25,71,6.1,7442,90.7,35,30,High
423,23,142,6.8,8147,63.8,24,77,High
349,14,104,6.5,8910,79.6,60,47,High
195,18,59,6.9,7428,89.3,54,90,High
175,24,69,8.1,5208,72.7,35,47,Medium
312,23,98,7.2,3865,79.9,27,51,High
290,22,95,6.3,11266,88.9,55,105,High
342,14,115,6.2,6412,88.2,54,50,High
164,12,53,6.4,6286,79.0,42,32,Medium
272,17,86,4.7,4264,99.3,74,12,High
370,18,130,8.1,7656,78.1,76,14,High
393,26,122,7.7,9356,83.2,35,27,High
156,16,35,8.9,7089,77.2,87,33,Low
271,18,100,7.5,8877,58.2,39,0,Medium
251,14,73,5.2,3059,80.5,40,40,High
196,21,71,7.2,8426,72.5,59,0,Medium
206,21,65,7.2,6977,82.5,52,78,High
337,18,124,7.9,4399,91.1,46,0,High
203,24,65,9.2,3953,54.5,7,46,Low
268,15,84,5.5,5851,82.0,13,44,High
329,22,116,7.7,4963,86.6,19,80,High
455,16,161,6.8,8868,70.0,45,44,High
310,27,116,10.0,9087,71.3,35,37,High
352,19,97,8.1,8429,80.5,37,49,High
306,20,86,6.7,8940,85.7,39,24,High
259,12,77,8.6,4073,63.7,65,25,Low
258,14,76,6.7,9269,80.0,60,46,High
268,19,85,7.8,9666,66.5,37,31,Medium
66,25,22,6.5,8684,86.0,39,59,Medium
247,21,83,7.1,7754,70.1,28,14,Medium
324,25,112,8.5,6143,74.7,38,69,High
206,14,63,6.6,8846,96.6,71,54,High
425,19,141,3.4,7044,106.1,63,41,High
293,13,97,6.1,10307,69.3,53,0,Medium
267,22,89,8.8,8693,69.8,24,65,Medium
364,24,117,8.9,7579,74.2,44,99,High
336,17,113,6.1,7143,82.6,37,26,High
393,35,122,5.1,7603,92.6,42,66,High
413,20,151,6.4,7615,89.4,61,37,High
427,13,135,8.2,7805,92.6,67,7,High
326,22,111,6.7,4770,77.8,94,17,High
176,16,56,4.6,8596,93.0,27,37,High
256,17,81,7.7,8425,74.9,70,54,Medium
444,10,135,8.2,5054,90.5,42,0,High
306,19,97,8.9,8575,75.7,31,19,Medium
237,24,76,4.5,7971,89.0,88,41,High
226,24,70,8.4,5924,70.9,80,2,Medium
172,27,62,7.2,9515,69.6,39,52,Medium
372,21,137,6.2,11347,91.5,31,92,High
235,31,77,5.0,6568,80.0,10,37,High
182,20,64,4.8,8262,71.6,70,62,High
193,23,74,6.1,11122,73.9,4,2,Medium
30,22,5,6.0,2518,79.7,42,21,Low
351,22,131,6.9,12732,71.7,27,70,High
256,23,74,8.8,8200,65.6,73,0,Medium
157,18,52,6.9,9893,62.4,82,19,Low
419,20,144,5.1,3744,83.2,11,74,High
285,15,107,5.8,4587,98.3,47,22,High
56,25,18,7.4,5587,68.4,50,0,Low
352,23,118,6.1,5358,83.8,39,23,High
179,24,72,6.9,2173,96.1,32,92,High
340,12,101,8.4,5022,77.9,76,83,High
331,16,102,7.8,5922,79.8,35,38,High
294,18,88,6.3,4415,74.9,85,33,High
155,17,42,5.8,11720,83.6,32,111,Medium
157,20,44,9.4,9593,81.5,60,12,Low
275,31,101,6.2,6160,73.2,62,21,High
186,13,74,9.9,9450,64.8,32,72,Low
402,15,137,8.9,8839,64.9,9,14,High
270,18,97,6.9,3692,92.8,28,51,High
180,22,66,5.5,9074,74.0,21,3,Medium
380,26,126,7.0,6957,75.8,61,85,High
89,15,37,8.6,9726,60.2,37,27,Low
267,25,94,6.5,5294,70.1,72,21,High
336,16,117,5.4,9359,87.8,56,15,High
177,21,59,6.3,10628,77.4,41,6,Medium
237,15,80,7.5,8996,79.7,47,30,Medium
213,21,69,7.6,3520,81.0,18,0,Medium
168,16,41,7.1,14146,63.5,41,7,Low
288,14,95,6.4,9487,84.4,48,41,High
365,27,122,6.9,7402,74.6,37,43,High
480,17,152,6.4,9558,87.0,34,38,High
356,16,114,7.2,13280,83.1,65,17,High
253,18,89,7.3,4466,75.7,26,85,High
391,18,137,6.7,10732,93.5,57,66,High
167,21,42,6.0,7584,69.9,67,37,Medium
226,20,69,8.5,7206,63.5,55,37,Low
375,19,131,7.4,7356,82.0,21,26,High
214,21,61,7.9,2771,91.7,47,21,High
286,26,94,6.1,9201,75.7,63,35,High
210,22,60,6.9,1931,78.1,39,68,High
258,17,79,6.1,6693,92.4,28,27,High
273,16,93,8.7,6743,80.0,27,78,Medium
327,10,114,5.7,7044,90.7,51,20,High
297,22,107,5.8,2606,79.0,38,85,High
351,25,139,7.1,10225,80.5,33,31,High
319,17,104,5.6,3398,86.2,3,60,High
260,20,85,8.7,5684,80.8,81,108,High
219,18,83,5.3,6637,84.1,39,113,High
189,25,71,6.7,7213,89.8,61,0,High
30,20,14,6.5,8952,76.2,72,71,Low
268,16,86,7.4,8049,79.0,113,12,High
166,19,61,6.0,12827,80.1,59,51,Medium
192,21,59,7.3,8869,75.2,52,55,Medium
250,24,78,6.0,8688,82.6,14,66,High
228,21,78,5.8,6560,83.7,4,2,High
335,24,128,6.7,8758,68.8,0,5,High
263,27,85,6.9,6778,77.5,42,15,High
443,20,148,6.7,6801,97.7,25,57,High
499,18,153,6.5,15926,71.3,35,47,High
249,20,75,8.6,11856,70.5,74,52,Medium
195,21,68,7.4,5828,72.0,55,5,Medium
104,16,38,7.3,9622,77.5,45,45,Low
463,22,169,8.3,8675,82.2,49,20,High
208,18,60,5.4,6343,85.8,31,22,High
226,19,76,9.5,13210,52.4,35,36,Low
210,20,66,5.0,7498,70.0,17,0,Medium
247,19,84,8.5,11462,51.7,61,56,Low
232,14,73,5.0,6353,85.6,80,0,High
363,19,107,6.9,10749,68.4,72,28,High
30,22,15,6.3,11339,58.8,45,62,Low
261,18,81,8.8,5575,64.5,64,0,Medium
352,22,115,7.9,7178,71.9,56,0,High
211,24,70,6.7,7783,78.9,48,71,High
339,24,112,7.6,12085,78.3,52,8,High
289,16,72,7.3,11882,78.9,19,69,Medium
208,19,56,7.8,7010,81.4,35,53,Medium
99,22,30,6.8,7040,74.6,31,0,Low
321,18,125,6.2,8612,89.7,15,45,High
312,21,96,4.4,4071,87.9,57,54,High
206,23,65,6.6,11180,76.6,59,0,Medium
356,22,129,7.2,5842,75.9,0,42,High
231,22,82,5.8,8243,83.1,45,65,High
383,24,131,6.9,11503,87.3,38,38,High
310,23,104,8.3,9113,80.0,33,44,High
428,16,127,7.1,7005,87.0,12,36,High
316,18,92,6.1,5443,86.4,46,71,High
283,21,86,8.1,7862,66.0,45,37,Medium
92,12,27,7.3,7276,96.8,37,19,Low
285,11,104,7.2,14561,68.1,61,33,Medium
256,27,85,6.5,5986,82.2,60,0,High
442,24,142,5.5,6670,112.9,8,0,High
301,26,98,7.3,5494,85.9,60,15,High
358,18,130,7.4,7351,73.8,26,86,High
420,20,141,6.1,9305,95.6,40,71,High
414,11,143,7.2,5634,83.1,78,0,High
271,15,86,8.1,8882,68.4,44,9,Medium
493,19,148,5.8,4969,90.5,66,21,High
229,16,81,7.5,10330,73.7,40,34,Medium
413,22,140,6.9,6856,81.0,64,9,High
205,23,76,8.2,7182,73.8,44,22,Medium
366,16,122,8.3,11517,81.7,40,71,High
184,18,80,7.1,6909,84.6,47,10,Medium
342,19,106,7.0,8992,75.0,23,57,High
195,24,56,6.7,9765,81.8,35,63,High
176,23,57,5.7,11252,80.5,57,112,High
183,15,58,7.5,8820,81.9,62,19,Medium
330,27,108,7.1,7207,72.1,27,6,High
329,24,109,6.1,6694,84.0,79,0,High
329,22,107,4.6,8787,75.4,81,60,High
302,23,96,7.7,6102,83.0,27,53,High
232,22,69,6.6,9350,94.8,36,37,High
208,19,73,7.8,8502,87.2,44,50,Medium
176,30,68,5.4,5082,90.8,69,42,High
171,15,83,7.1,4928,81.7,56,28,Medium
401,15,136,7.0,8206,98.7,39,30,High
174,26,67,6.7,7282,74.0,20,37,Medium
187,25,63,8.9,10039,68.1,6,114,Low
180,19,65,7.2,5706,88.1,51,67,High
147,21,48,4.9,9829,84.1,81,5,High
310,19,101,6.5,9900,74.7,45,52,High
226,17,73,5.1,5044,74.1,53,40,High
264,21,103,8.7,7443,65.8,49,94,Medium
268,16,103,7.3,11415,92.2,12,78,High
309,13,96,6.8,9001,80.1,76,37,High
290,16,100,5.3,7753,80.5,29,39,High
398,28,130,7.2,10145,80.4,29,6,High
213,16,85,8.3,6771,75.8,54,60,Medium
221,14,64,7.7,7180,60.7,31,74,Low
271,21,99,7.7,8421,69.6,19,44,Medium
273,22,91,8.7,11552,60.7,64,48,Medium
132,20,29,8.8,5697,81.0,48,30,Low
122,23,56,7.1,9176,75.0,64,66,Medium
266,18,74,7.7,7000,75.1,38,0,Medium
419,22,131,9.1,11106,72.7,36,6,High
428,15,132,5.8,9914,78.4,50,68,High
168,19,66,7.6,7808,79.2,52,0,Medium
237,16,74,5.8,9492,98.3,32,21,High
296,19,89,6.6,6559,76.8,30,32,High
310,21,108,8.6,6415,80.9,63,54,High
183,21,52,6.0,14308,80.8,52,45,Medium
450,16,153,8.3,7067,71.7,50,0,High
223,23,77,6.3,8445,88.6,5,57,High
317,18,107,8.3,7018,62.1,50,33,Medium
247,17,66,8.8,4787,60.5,52,72,Low
248,21,91,5.9,5448,97.4,39,11,High
356,21,130,7.8,8846,74.8,56,87,High
378,15,133,8.3,4471,85.8,31,5,High
348,23,122,6.5,6221,82.1,52,26,High
192,22,62,7.7,9630,54.8,14,78,Low
145,20,62,5.6,8566,88.1,63,108,High
546,10,170,9.6,6968,77.3,30,5,High
311,23,85,6.1,6891,77.8,54,115,High
190,26,73,6.7,5425,88.0,70,0,High
374,16,110,6.8,13573,89.6,65,63,High
189,19,71,7.1,5542,71.4,54,93,Medium
477,15,147,7.5,10526,90.0,61,9,High
239,24,84,7.5,2474,78.5,75,77,High
366,21,116,5.7,10188,87.2,47,25,High
276,21,94,5.5,10443,79.6,64,18,High
128,16,53,9.0,5669,61.1,21,0,Low
182,13,53,8.4,6456,83.4,31,38,Low
203,22,81,5.4,10670,87.4,75,44,High
212,13,70,7.5,5145,83.9,40,4,Medium
299,18,100,8.0,9092,72.2,35,83,High
37,14,21,9.5,6307,68.9,39,22,Low
299,14,110,6.4,10251,79.5,31,39,High
82,21,26,8.2,12656,76.1,42,47,Low
316,26,93,7.9,5484,65.6,24,120,High
200,14,67,6.2,9472,70.2,34,78,Medium
293,18,85,6.6,10445,72.7,47,64,High
147,20,48,6.1,3014,80.4,76,27,Medium
217,17,69,7.4,10511,58.9,44,51,Low
75,20,13,5.1,8876,86.6,10,54,Low
155,19,44,6.7,9602,83.1,65,39,Medium
420,15,150,6.6,3435,70.1,61,69,High
423,24,138,4.5,9859,89.0,29,120,High
156,15,48,7.4,7542,90.5,61,7,Medium
246,22,86,7.8,5152,72.2,42,52,High
326,22,121,5.3,9753,79.4,74,52,High
288,20,91,7.0,10027,76.7,93,33,High
222,20,83,5.3,7808,94.4,53,20,High
124,20,41,7.1,8907,66.7,60,18,Low
368,19,138,8.4,7595,80.2,77,107,High
229,21,84,6.4,4561,84.4,64,45,High
115,14,35,6.6,7639,77.6,54,70,Low
275,22,94,9.5,10999,66.3,43,32,Medium
246,12,75,6.1,11035,89.9,22,53,High
229,24,77,5.9,5936,74.0,39,55,High
293,26,90,7.0,8598,83.1,40,33,High
259,21,80,9.9,8191,55.2,45,48,Low
392,19,140,7.3,9235,88.3,8,79,High
189,21,64,6.2,8130,87.0,38,7,High
203,22,70,7.7,9805,71.9,40,47,Medium
357,18,115,7.9,6965,75.7,17,57,High
530,19,174,7.7,10758,85.5,53,64,High
514,16,168,7.9,6672,69.7,64,69,High
353,13,113,8.1,8481,74.2,45,62,High
245,19,76,6.8,9664,79.5,20,76,High
227,19,68,6.8,8543,65.5,43,28,Medium
241,28,69,8.0,2144,82.0,60,84,High
106,20,34,4.1,8747,104.5,59,44,High
348,23,108,3.9,9723,112.6,44,66,High
412,21,150,6.3,8744,69.5,53,1,High
266,20,78,6.6,10353,90.3,32,60,High
489,19,159,7.8,10929,75.4,60,45,High
553,23,190,6.4,6263,86.5,37,31,High
369,32,105,8.4,3715,67.9,30,79,High
213,23,77,7.2,5001,82.4,64,47,High
194,22,58,6.1,8178,61.6,48,46,Medium
357,20,110,8.5,9532,65.5,47,0,High
385,18,133,7.3,7687,62.3,56,19,High
214,22,77,5.4,4542,79.9,44,46,High
164,16,45,7.9,8742,71.1,26,20,Low
109,13,33,7.9,8028,59.9,41,84,Low
176,28,68,5.5,8402,87.8,15,31,High
238,20,75,7.1,12524,81.7,68,11,High
389,21,121,7.7,10045,85.8,23,7,High
223,20,73,5.0,7665,97.7,84,36,High
30,13,9,8.3,4684,67.4,29,66,Low
214,23,69,6.2,11362,83.4,57,12,High
247,25,85,6.0,3583,74.9,83,9,High
244,19,76,6.7,7295,80.8,50,23,High
30,16,15,7.8,4999,72.1,39,38,Low
246,15,79,8.2,6979,86.3,46,8,Medium
412,26,125,9.0,7773,78.5,28,44,High
233,14,90,5.9,4711,87.4,4,87,High
213,17,58,7.4,1877,74.1,57,40,Medium
203,15,74,7.8,5584,50.0,4,28,Low
295,15,97,7.6,4615,77.8,18,74,High
128,17,42,5.8,5607,77.4,46,5,Medium
167,33,48,7.3,7292,67.2,32,56,Medium
392,20,126,7.4,11803,86.2,55,41,High
347,22,122,6.2,6502,91.9,77,91,High
226,20,66,7.6,6674,68.1,40,78,Medium
329,20,105,7.3,7738,79.9,33,0,High
188,17,71,5.4,9654,83.4,80,46,High
187,18,57,7.8,9403,83.8,59,0,Medium
185,16,61,7.1,3202,80.6,63,74,Medium
123,27,41,4.7,5387,91.2,62,11,High
271,16,83,6.6,10769,77.9,40,64,High
479,26,163,7.1,6696,86.3,37,75,High
80,18,26,6.1,10407,86.0,26,0,Low
449,19,143,7.4,9793,100.0,60,84,High
30,13,15,6.7,2392,71.7,53,74,Low
330,21,111,8.2,3858,72.8,58,8,High
94,10,30,7.3,7166,68.7,8,75,Low
331,24,107,9.3,9001,67.9,64,4,High
199,23,54,5.3,7331,96.0,36,67,High
352,25,116,7.4,7512,72.9,3,37,High
200,21,48,7.0,8086,81.0,19,0,Medium
329,20,115,7.5,7747,86.6,35,84,High
258,20,76,8.6,7918,82.5,31,84,Medium
401,24,137,5.3,2073,100.5,45,46,High
261,17,75,7.7,7221,80.1,54,41,Medium
301,21,89,7.4,7198,81.4,43,28,High
286,25,89,5.9,5331,79.5,36,57,High
367,23,137,8.4,6084,59.9,48,52,High
373,17,120,7.1,3829,76.4,48,86,High
284,20,107,6.1,8964,84.5,70,46,High
106,20,39,7.5,5118,82.2,33,82,Low
182,14,58,8.1,7697,85.1,43,0,Low
358,26,120,7.4,6773,79.7,78,64,High
125,21,44,6.5,7537,87.5,21,45,Medium
206,24,72,6.0,10275,83.3,38,51,High
219,14,83,6.0,6166,83.9,27,95,High
256,24,86,8.0,7749,72.9,20,73,High
242,16,85,8.1,9595,70.5,50,29,Medium
283,24,110,6.7,8385,76.2,72,14,High
173,26,44,9.8,6014,61.8,87,0,Low
192,13,63,6.7,4123,73.6,44,54,Medium
457,26,158,6.9,5907,90.3,55,77,High
420,19,128,6.5,8453,94.4,56,78,High
331,23,102,6.9,7885,75.1,41,28,High
341,13,106,7.0,9593,73.9,71,78,High
306,20,104,7.7,7171,75.8,42,78,High
273,18,95,6.8,6063,73.4,67,69,High
191,19,56,7.7,4287,66.8,38,42,Low
423,26,144,5.1,4970,87.3,22,39,High
465,29,149,6.3,5380,88.2,23,56,High
223,17,84,6.6,11275,81.8,13,60,Medium
388,17,133,6.7,5044,80.5,70,26,High
234,27,83,4.8,5074,83.3,71,29,High
198,18,78,8.1,6220,78.5,31,48,Medium
233,12,83,5.2,10580,88.8,24,21,High
239,13,75,6.2,9179,83.2,29,25,Medium
336,10,113,7.0,7360,76.3,49,0,High
232,16,66,9.5,4045,79.5,26,10,Low
362,20,111,6.9,7670,71.0,56,62,High
203,17,72,7.5,9751,71.4,39,70,Medium
270,19,103,5.2,11080,78.6,67,39,High
163,14,62,6.0,2139,81.3,58,64,Medium
146,15,51,6.2,5649,74.9,23,0,Low
313,22,92,6.4,7819,83.6,20,53,High
287,20,96,8.2,10697,79.0,49,0,High
230,9,68,6.3,4280,91.4,41,15,High
183,29,64,7.7,4818,76.5,70,59,High
160,23,42,6.1,6396,82.5,53,65,High
312,19,105,6.7,4052,85.0,36,0,High
207,16,64,4.1,2642,71.4,79,0,High
440,18,147,6.9,12857,83.6,36,20,High
294,14,93,7.0,6924,71.1,18,0,Medium
329,15,97,6.8,5923,76.3,41,28,High
418,23,147,9.4,4590,72.0,29,66,High
194,22,62,6.9,7460,85.8,65,0,High
322,13,103,3.7,6178,79.4,22,100,High
327,18,107,5.5,9518,88.3,62,32,High
225,14,69,6.9,4864,79.5,40,51,Medium
123,22,35,6.9,7503,80.3,13,9,Low
61,18,31,6.0,7395,97.0,54,71,Medium
186,19,62,5.8,8886,95.1,69,47,High
389,17,126,8.7,7090,77.4,47,48,High
199,19,52,8.2,8984,77.7,41,52,Medium
373,21,120,8.4,8286,75.8,82,1,High
201,19,59,6.2,9689,87.1,69,52,High
282,20,90,7.8,9020,76.6,60,61,High
330,15,122,3.9,7082,96.3,5,0,High
380,28,138,6.5,11688,78.3,31,32,High
231,23,74,6.3,6266,83.1,41,31,High
213,17,65,6.7,11381,90.4,54,41,High
79,22,31,7.1,10263,79.6,63,62,Low
234,15,87,6.8,9253,80.4,24,65,Medium
600,27,197,5.6,7553,68.2,57,37,High
255,20,101,6.1,6028,85.7,22,69,High
135,14,40,7.6,8279,73.5,59,0,Low
262,27,84,7.4,8254,69.0,23,48,High
351,24,115,8.9,7536,72.8,70,0,High
217,20,69,7.4,9145,76.3,50,25,Medium
168,19,46,8.8,10053,70.3,37,54,Low
531,21,183,5.3,5709,97.5,51,61,High
317,29,103,7.7,6140,75.8,32,49,High
433,14,161,7.9,4623,77.1,45,87,High
240,21,86,7.6,8728,73.6,25,43,Medium
457,21,155,5.6,11717,90.9,51,0,High
371,17,139,7.4,4507,84.2,40,0,High
331,19,116,6.6,5905,92.7,41,10,High
157,17,57,7.7,4382,78.6,44,10,Low
206,15,63,6.9,6484,87.2,27,41,Medium
325,21,106,6.3,2646,90.0,87,23,High
245,18,89,9.7,10723,69.2,41,11,Low
317,20,112,6.1,9682,78.1,67,23,High
232,17,72,7.3,8459,80.5,22,30,Medium
322,24,126,7.7,10247,90.3,0,15,High
214,24,69,6.6,10115,88.4,50,41,High
325,15,117,8.4,7836,85.3,66,68,High
179,25,61,8.0,4627,58.7,69,21,Low
246,19,85,5.0,6105,71.3,64,42,High
258,22,83,7.7,7780,72.3,41,102,High
190,22,64,9.1,6056,73.1,57,47,Low
216,19,59,6.1,12321,79.0,32,73,Medium
308,20,111,5.3,8392,85.2,33,26,High
351,23,122,6.6,8258,70.6,49,75,High
305,22,116,7.0,10367,75.4,50,16,High
331,23,110,7.0,8692,73.4,34,58,High
289,29,88,8.3,7337,67.9,49,72,High
211,12,82,6.2,11784,75.7,68,86,Medium
107,19,33,7.6,9085,64.8,27,44,Low
227,28,47,7.9,6765,55.7,58,32,Low
268,22,93,7.1,8445,90.2,18,0,High
217,22,79,6.3,6675,80.4,11,38,High
435,19,154,5.6,5949,82.8,51,64,High
308,24,95,5.2,9974,86.4,44,61,High
271,21,94,5.2,6746,89.1,47,39,High
335,10,116,5.1,6081,89.3,47,51,High
482,17,165,8.8,8452,70.4,64,90,High
252,21,79,6.8,10621,87.9,56,60,High
184,21,64,9.5,2749,63.1,54,33,Low
312,22,113,7.4,6189,76.6,73,40,High
165,11,39,5.2,2413,98.5,63,60,High
185,21,61,6.8,500,95.1,49,58,High
422,17,148,7.8,8119,88.6,66,108,High
410,24,149,7.4,4705,75.3,39,90,High
345,19,127,6.5,9913,79.6,40,9,High
319,18,113,8.1,4998,69.9,71,20,High
158,19,67,5.7,9468,80.3,40,78,Medium
199,22,74,7.2,8723,81.4,53,17,Medium
412,24,118,7.9,5662,63.4,52,45,High
229,15,72,6.5,6740,72.1,48,89,Medium
200,19,78,7.6,8434,76.5,81,49,Medium
261,23,82,6.8,9325,79.1,43,69,High
338,20,122,7.2,11408,76.2,80,47,High
259,19,92,7.5,8536,66.0,23,38,Medium
262,19,102,6.6,7885,75.9,44,0,High
62,23,17,8.7,8058,64.7,40,48,Low
273,26,76,7.3,7361,67.6,60,24,High
380,24,124,7.7,6829,72.3,18,80,High
273,24,79,8.4,5666,72.5,53,0,Medium
487,20,158,7.7,8964,84.7,63,25,High
208,22,46,5.9,5895,90.0,38,82,High
231,22,77,7.9,8430,66.8,33,99,Medium
213,18,74,7.3,7912,74.2,33,75,Medium
210,24,73,6.2,9604,79.6,55,60,High
334,23,119,8.4,8591,73.6,13,0,High
253,20,86,5.8,6060,81.9,19,8,High
474,21,152,6.3,5226,76.8,47,68,High
305,30,111,6.5,10595,85.9,57,1,High
193,28,69,5.5,6947,81.5,51,33,High
181,22,59,7.0,11493,78.0,57,31,Medium
447,17,148,6.2,1446,86.8,24,53,High
302,22,95,7.3,8452,74.1,10,60,High
411,24,147,9.1,10139,80.0,63,0,High
287,12,95,7.0,8218,76.3,20,49,Medium
282,19,100,7.6,8529,78.7,55,20,High
414,19,122,7.0,9430,83.1,8,57,High
317,15,106,6.6,10067,83.9,59,0,High
316,15,107,7.9,9508,85.4,45,70,High
239,23,70,5.9,11071,77.5,66,19,High
367,18,116,8.2,6818,76.5,61,28,High
273,21,96,6.1,12176,82.8,38,89,High
224,19,79,8.6,5415,69.7,34,36,Medium
495,12,167,6.6,10395,89.6,51,70,High
250,19,93,6.0,8986,73.6,35,39,High
201,12,71,7.1,13602,88.7,0,90,Medium
394,21,142,5.1,8746,101.0,39,50,High
348,10,108,5.7,9717,81.1,28,56,High
214,36,73,7.6,3867,75.2,34,45,High
272,19,91,8.4,10135,59.5,51,31,Medium
347,23,105,6.3,8704,78.5,70,66,High
301,18,114,8.5,9841,92.4,82,18,High
359,13,115,6.5,5617,88.0,55,62,High
279,27,96,7.2,6752,84.2,33,69,High
362,24,116,7.2,8453,76.4,64,56,High
249,20,92,8.8,7822,70.8,15,12,Medium
215,18,69,8.1,8681,73.6,31,53,Medium
385,16,126,6.8,8413,71.5,40,71,High
309,14,103,9.9,6759,69.4,6,2,Low
349,16,116,6.9,7402,87.2,50,0,High
402,9,129,7.0,6132,96.1,29,65,High
223,16,68,7.4,14892,78.8,50,21,Medium
333,21,106,6.5,8849,81.6,40,62,High
512,20,169,8.7,12390,76.5,28,91,High
